Allée Albert Dasnoy,Albert Dasnoydreef,M
Allée André Franquin,André Franquindreef,M
Allée André Willequet,André Willequetdreef,M
Allée Bob De Moor,Bob De Moordreef,M
Allée Charles Viane,Charles Vianedreef,M
Allée Christian de Duve,Christian de Duve Dreef,M
Allée Clara Clairbert,Clara Clairbertdreef,F
Allée Claude Lyr,Claude Lyrdreef,M
Allée Estelle Juste,Estelle Justedreef,F
Allée Fernand Dineur,Fernand Dineurdreef,M
Allée Gaston Bertrand,Gaston Bertranddreef,M
Allée Henri Quittelier,Henri Quittelierdreef,M
Allée Henri Roidot,Henri Roidotdreef,M
Allée Hergé,Hergédreef,M
Allée Irène Vanderlinden,Irène Vanderlindendreef,F
Allée Jacques Brel,Jacques Breldreef,M
Allée Jacques Wiener,Jacques Wienerdreef,M
Allée Jean de La Fontaine,Jean de la Fontainelaan,M
Allée Jean-Michel Charlier,Jean-Michel Charlierdreef,M
Allée Jef Dutillieu,Jef Dutillieudreef,M
Allée John Cluysenaar,John Cluysenaardreef,M
Allée John Wiggin,John Wiggindreef,M
Allée Jos Albert,Jos Albertdreef,M
Allée José Dierickx,José Dierickxdreef,M
Allée Kurt Peiser,Kurt Peiserdreef,M
Allée Laura Turner,Laura Turnerdreef,F
Allée Léandre Grandmoulin,Léandre Grandmoulindreef,M
Allée Léon Londot,Léon Londotdreef,M
Allée Louisa Haerens,Louisa Haerensdreef,F
Allée Louise Van den Plas,Louise Van den Plasdreef,F
Allée Maud Frère,Maud Frèredreef,F
Allée Nardo Lenaerts,Nardo Lenaertsdreef,M
Allée Nicolas de Staël,Nicolas de Staëldreef,M
Allée Omer Dierickx,Omer Dierickxdreef,M
Allée Paul Auguste Masui,Paul Auguste Masuidreef,M
Allée Paul Craps,Paul Crapsdreef,M
Allée Paul Ooghe,Paul Ooghedreef,M
Allée Peyo,Peyodreef,M
Allée Philibert Cockx,Philibert Cockxdreef,M
Allée Pierre Culliford dit Peyo,Pierre Culliford dit Peyodreef,M
Allée Pierre Levie,Pierre Leviepad,M
Allée Pierre Scoupreman,Pierre Scoupremandreef,M
Allée Raymond Dierickx,Raymond Dierickxdreef,M
Allée Suzanne Cocq,Suzanne Cocqdreef,F
Allée Victor Hubinon,Victor Hubinondreef,M
Avenue A. J. Slegers,A. J. Slegerslaan,M
Avenue A. Vermeylen,A. Vermeylenlaan,M
Avenue Adolphe Buyl,Adolphe Buyllaan,M
Avenue Adolphe Demeur,Adolphe Demeurlaan,M
Avenue Adolphe Dupuich,Adolphe Dupuichlaan,M
Avenue Adolphe Lacomblé,Adolphe Lacomblélaan,M
Avenue Adolphe Wansart,Adolphe Wansartlaan,M
Avenue Adrien Bayet,Adrien Bayetlaan,M
Avenue Air Marshal Coningham,Air Marshal Coninghamlaan,M
Avenue Albert,Albertlaan,M
Avenue Albert Brachet,Albert Brachetlaan,M
Avenue Albert De Coster,Albert De Costerlaan,M
Avenue Albert Desenfans,Albert Desenfanslaan,M
Avenue Albert Dumont,Albert Dumontlaan,M
Avenue Albert Giraud,Albert Giraudlaan,M
Avenue Albert Jonnart,Albert Jonnartlaan,M
Avenue Albert Lancaster,Albert Lancasterlaan,M
Avenue Albertyn,Albertynlaan,M
Avenue Alexandre Bertrand,Alexandre Bertrandlaan,M
Avenue Alexandre Galopin,Alexandre Galopinlaan,M
Avenue Alfred Bastien,Alfred Bastienlaan,M
Avenue Alfred Madoux,Alfred Madouxlaan,M
Avenue Alfred Solvay,Alfred Solvaylaan,M
Avenue Alphonse Valkeners,Alphonse Valkenerslaan,M
Avenue Alphonse XIII,Alphonse XIII laan,M
Avenue Ambassadeur Van Vollenhoven,Ambassadeur Van Vollenhovenlaan,M
Avenue André Drouart,André Drouartlaan,M
Avenue André Ryckmans,André Ryckmanslaan,M
Avenue Andromède,Andromedalaan,F
Avenue Antoine de Saint-Exupéry,Antoine de Saint-Exupérylaan,M
Avenue Antoine Depage,Antoine Depagelaan,M
Avenue Antoine-Joseph Slegers,Antoine-Joseph Slegerslaan,M
Avenue Antoon van Oss,Antoon van Osslaan,M
Avenue Armand Huysmans,Armand Huysmanslaan,M
Avenue Armand Scheitler,Armand Scheitlerlaan,M
Avenue Arnaud Fraiteur,Arnaud Fraiteurlaan,M
Avenue Arnold Delvaux,Arnold Delvauxlaan,M
Avenue Artémis,Artemislaan,F
Avenue Auber,Auberlaan,M
Avenue Auguste Bourgeois,Auguste Bourgeoislaan,M
Avenue Auguste Oleffe,Auguste Oleffelaan,M
Avenue Auguste Rodin,Auguste Rodinlaan,M
Avenue Baden-Powell,Baden-Powelllaan,M
Avenue Baron Albert d'Huart,Baron Albert d'Huartlaan,M
Avenue Beethoven,Beethovenlaan,M
Avenue Benjamin Jansen,Benjamin Jansenlaan,M
Avenue Besme,Besmelaan,M
Avenue Blücher,Blücherlaan,M
Avenue Boileau,Boileaulaan,M
Avenue Bonaparte,Bonapartelaan,M
Avenue Bourgmestre Jean Herinckx,Burgemeester Jean Herinckxlaan,M
Avenue Brillat-Savarin,Brillat-Savarinlaan,M
Avenue Britsiers,Britsierslaan,M
Avenue Broustin,Broustinlaan,M
Avenue Brugmann,Brugmannlaan,M
Avenue Brunard,Brunardlaan,M
Avenue Camille Joset,Camille Josetlaan,M
Avenue Camille Vaneukem,Camille Vaneukemlaan,M
Avenue Capart,Capartlaan,M
Avenue Capitaine Fossoul,Kapitein Fossoullaan,M
Avenue Capitaine Piret,Kapitein Piretlaan,M
Avenue Cardinal Micara,Kardinaal Micaralaan,M
Avenue Carl Requette,Carl Requettelaan,M
Avenue Carton de Wiart,Carton de Wiartlaan,M
Avenue Casalta,Casaltalaan,M
Avenue Cassiopée,Cassiopealaan,F
Avenue Charbo,Charbolaan,M
Avenue Charle-Albert,Charle-Albertlaan,M
Avenue Charles Brassine,Charles Brassinelaan,M
Avenue Charles de Thiennes,Charles de Thienneslaan,M
Avenue Charles De Tollenaere,Charles De Tollenaerelaan,M
Avenue Charles Dierickx,Charles Dierickxlaan,M
Avenue Charles d'Orjo de Marchovelette,Charles d'Orjo de Marchovelettelaan,M
Avenue Charles Gilisquet,Charles Gilisquetlaan,M
Avenue Charles Madoux,Charles Madouxlaan,M
Avenue Charles Michiels,Charles Michielslaan,M
Avenue Charles Plisnier,Charles Plisnierlaan,M
Avenue Charles Schaller,Charles Schallerlaan,M
Avenue Charles Thielemans,Charles Thielemanslaan,M
Avenue Charles Woeste,Charles Woestelaan,M
Avenue Charles-Quint,Keizer Karellaan,M
Avenue Chazal,Chazallaan,M
Avenue Cicéron,Cicerolaan,M
Avenue Clays,Clayslaan,M
Avenue Clemenceau,Clemenceaulaan,M
Avenue Clémentine,Clementinalaan,F
Avenue Coghen,Coghenlaan,M
Avenue Colonel Daumerie,Kolonel Daumerielaan,M
Avenue Colonel Picquart,Kolonel Picquartlaan,M
Avenue Commandant Lothaire,Kommandant Lothairelaan,M
Avenue Commandant Vander Meeren,Commandant Vander Meerenlaan,M
Avenue Constant Montald,Constant Montaldlaan,M
Avenue Constant Permeke,Constant Permekelaan,M
Avenue Crokaert,Crokaertlaan,M
Avenue Dailly,Daillylaan,M
Avenue Daniel Boon,Daniel Boonlaan,M
Avenue de Broqueville,de Broquevillelaan,M
Avenue de Busleyden,de Busleydenlaan,M
Avenue de Castonier,de Castonierlaan,F
Avenue de Cérès,Cereslaan,F
Avenue de Diane,Dianalaan,F
Avenue de Flore,Floralaan,F
Avenue de Foestraets,de Foestraetslaan,M
Avenue De Fré,De Frélaan,M
Avenue de la Princesse Paola,Prinses Paolalaan,F
Avenue de l'Aiglon,Aiglonlaan,M
Avenue de Saint-Job,Sint-Jobselaan,M
Avenue de Selliers de Moranville,de Selliers de Moranvillelaan,M
Avenue de Waha,Wahalaan,M
Avenue Delleur,Delleurlaan,M
Avenue Démosthène Poplimont,Démosthène Poplimontlaan,M
Avenue Denayer,Denayerlaan,M
Avenue des Frères Becqué,Gebroeders Becquélaan,M
Avenue des Frères Goemaere,Gebroeders Goemaerelaan,M
Avenue des Frères Legrain,Gebroeders Legrainlaan,M
Avenue Docteur Decroly,Dokter Decrolylaan,M
Avenue Docteur Dejase,Dokter Dejaselaan,M
Avenue Docteur Edmond Cordier,Dokter Edmond Cordierlaan,M
Avenue Docteur Zamenhof,Dokter Zamenhoflaan,M
Avenue Dolez,Dolezlaan,M
Avenue Don Bosco,Don Boscolaan,M
Avenue d'Orbaix,D'Orbaixlaan,M
Avenue Dr. A. Schweitzer,Dr. A. Schweitzerlaan,M
Avenue du Bourgmestre Etienne Demunter,Burgemeester Etienne Demunterlaan,M
Avenue du Bourgmestre Jean Neybergh,Burgemeester Jean Neyberghlaan,M
Avenue du Compte Moens De Fernig,Graaf Moens De Ferniglaan,M
Avenue du Duc Jean,Hertog Janlaan,M
Avenue du Général de Ceuninck,Generaal de Ceunincklaan,M
Avenue du Général de Gaulle,Generaal de Gaullelaan,M
Avenue du Mahatma Ghandi,Mahatma Gandhilaan,M
Avenue du Prince d'Orange,Prins van Oranjelaan,M
Avenue du Roi Albert,Koning Albertlaan,M
Avenue du Roi Chevalier,Ridder Koninglaan,M
Avenue du Roi-Soldat,Koning-Soldaatlaan,M
Avenue Ducpétiaux,Ducpétiauxlaan,M
Avenue Échevin Van Muylders,Schepen Van Muylderslaan,M
Avenue Edgard Tytgat,Edgard Tytgatlaan,M
Avenue Edmond Candries,Edmond Candrieslaan,M
Avenue Edmond Galoppin,Edmond Galoppinlaan,M
Avenue Edmond Mesens,Edmond Mesenslaan,M
Avenue Edmond Parmentier,Edmond Parmentierlaan,M
Avenue Edmond Van Nieuwenhuyse,Edmond Van Nieuwenhuyselaan,M
Avenue Édouard Bénès,Édouard Bénèslaan,M
Avenue Edouard de Thibault,Edouard de Thibaultlaan,M
Avenue Edouard Keilig,Edouard Keiliglaan,M
Avenue Edouard Kufferath,Edouard Kufferathlaan,M
Avenue Édouard Lacomblé,Édouard Lacomblélaan,M
Avenue Edouard Speeckaert,Edouard Speeckaertlaan,M
Avenue Émile Bossaert,Émile Bossaertlaan,M
Avenue Émile de Beco,Émile de Becolaan,M
Avenue Émile De Mot,Émile De Motlaan,M
Avenue Émile Duray,Émile Banningstraat,M
Avenue Émile Gryson,Emile Grysonlaan,M
Avenue Emile Laine,Emile Lainelaan,M
Avenue Emile Max,Emile Maxlaan,M
Avenue Émile van Becelaere,Émile Van Becelaerelaan,M
Avenue Emile Van Ermengem,Emile Van Ermengemlaan,M
Avenue Émile Vandervelde,Émile Vanderveldelaan,M
Avenue Emile Verhaeren,Emile Verhaerenlaan,M
Avenue Emile Zola,Emile Zolalaan,M
Avenue Emmanuel Mounier,Emmanuel Mounierlaan,M
Avenue Ernest Cambier,Ernest Cambierlaan,M
Avenue Ernest Claes,Ernest Claeslaan,M
Avenue Ernest Masoin,Ernest Masoinlaan,M
Avenue Ernest Renan,Ernest Renanlaan,M
Avenue Eudore Pirmez,Eudore Pirmezlaan,M
Avenue Eugène Baie,Eugène Baielaan,M
Avenue Eugène Demolder,Eugène Demolderlaan,M
Avenue Eugène Godaux,Eugène Godauxlaan,M
Avenue Eugène Plasky,Eugène Plaskylaan,M
Avenue Eugène Ysaye,Eugène Ysayelaan,M
Avenue Évariste De Meersman,Évariste De Meersmanlaan,M
Avenue Everard,Everardlaan,M
Avenue Félix Marchal,Félix Marchallaan,M
Avenue Ferdauci,Ferdaucilaan,M
Avenue Firmin Lecharlier,Firmin Lecharlierlaan,M
Avenue Fonsny,Fonsnylaan,M
Avenue Fortin,Fortinlaan,M
Avenue François Englert,François Englertlaan,M
Avenue François Folie,François Folielaan,M
Avenue François Malherbe,François Malherbelaan,M
Avenue François Peeters,François Peeterslaan,M
Avenue François Sebrechts,François Sebrechtslaan,M
Avenue François Villon,François Villonlaan,M
Avenue François-Bernard Verboven,François-Bernard Verbovenlaan,M
Avenue François-Élie Van Elderen,François-Élie Van Elderenlaan,M
Avenue Franklin Roosevelt,Franklin Rooseveltlaan,M
Avenue Frans Courtens,Frans Courtenslaan,M
Avenue Frans van Kalken,Frans van Kalkenlaan,M
Avenue Franz Guillaume,Franz Guillaumelaan,M
Avenue Gabriel Emile Lebon,Gabriel Emile Lebonlaan,M
Avenue Gabriel Fauré,Gabriel Faurélaan,M
Avenue Galilée,Galileelaan,M
Avenue Gaston De Gryse,Gaston De Gryselaan,M
Avenue Général Baron Empain,Generaal Baron Empainlaan,M
Avenue Général Bastin,Generaal Bastinlaan,M
Avenue Général Bernheim,Generaal Bernheimlaan,M
Avenue Général de Longueville,Generaal de Longuevillelaan,M
Avenue Général Dossin de Saint-Georges,Generaal Dossin de Saint-Georgeslaan,M
Avenue Général Dumonceau,Generaal Dumonceaulaan,M
Avenue Général Eisenhower,Generaal Eisenhowerlaan,M
Avenue Général Lartigue,Generaal Lartiguelaan,M
Avenue Général Médecin Derache,Generaal Geneesheer Derachelaan,M
Avenue Général Merjay,Generaal Merjaylaan,M
Avenue Géo Bernier,Géo Bernierlaan,M
Avenue George Bergmann,George Bergmannlaan,M
Avenue Georges Benoidt,Georges Benoidtlaan,M
Avenue Georges Eekhoud,Georges Eekhoudlaan,M
Avenue Georges Henri,Georges Henrilaan,M
Avenue Georges Leclercq,Georges Leclercqlaan,M
Avenue Georges Lecointe,Georges Lecointelaan,M
Avenue Georges Maerckaert,Georges Maerckaertlaan,M
Avenue Georges Petre,Georges Petrelaan,M
Avenue Georges Rodenbach,Georges Rodenbachlaan,M
Avenue Giele,Gielelaan,M
Avenue Gilbert Mullie,Gilbert Mullielaan,M
Avenue Ginette Javaux,Ginette Javauxlaan,F
Avenue Gisseleire Versé,Gisseleire Versélaan,M
Avenue Gounod,Gounodlaan,M
Avenue Guillaume Abeloos,Guillaume Abelooslaan,M
Avenue Guillaume Crock,Guillaume Crocklaan,M
Avenue Guillaume De Greef,Guillaume De Greeflaan,M
Avenue Guillaume Detroch,Guillaume Detrochlaan,M
Avenue Guillaume Gilbert,Guillaume Gilbertlaan,M
Avenue Guillaume Herinckx,Guillaume Herinckxlaan,M
Avenue Guillaume Keyen,Guillaume Keyenlaan,M
Avenue Guillaume Lefever,Guillaume Lefeverlaan,M
Avenue Guillaume Macau,Guillaume Macaulaan,M
Avenue Guillaume Melckmans,Guillaume Melckmanslaan,M
Avenue Guillaume Poels,Guillaume Poelslaan,M
Avenue Guillaume Stassart,Guillaume Stassartlaan,M
Avenue Guillaume Van Leeuw,Willem Van Leeuwlaan,M
Avenue Guillaume Van Nerom,Guillaume Van Neromlaan,M
Avenue Gustave Demey,Gustave Demeylaan,M
Avenue Gustave Latinis,Gustave Latinislaan,M
Avenue H.V. Wolvens,H.V. Wolvenslaan,M
Avenue Hamoir,Hamoirlaan,M
Avenue Hansen-Soulie,Hansen-Soulielaan,M
Avenue Hector Gobert,Hector Gobertlaan,M
Avenue Henri Conscience,Hendrik Consciencelaan,M
Avenue Henri de Brouckère,Henri de Brouckèrelaan,M
Avenue Henri Dietrich,Henri Dietrichlaan,M
Avenue Henri Elleboudt,Henri Elleboudtlaan,M
Avenue Henri Feuillien,Henri Feuillienlaan,M
Avenue Henri Hollevoet,Henri Hollevoetlaan,M
Avenue Henri Jaspar,Henri Jasparlaan,M
Avenue Henri Lafontaine,Henri Lafontainelaan,M
Avenue Henri Liebrecht,Henri Liebrechtlaan,M
Avenue Henri Matisse,Henri Matisselaan,M
Avenue Henri Pauwels,Henri Pauwelslaan,M
Avenue Henri Pirenne,Henri Pirennelaan,M
Avenue Henri Schoofs,Henri Schoofslaan,M
Avenue Henri Strauven,Henri Strauvenlaan,M
Avenue Henry Dunant,Henry Dunantlaan,M
Avenue Herbert Hoover,Herbert Hooverlaan,M
Avenue Hergé,Hergélaan,M
Avenue Herrmann Debroux,Herrmann Debrouxlaan,M
Avenue Hippocrate,Hippokrateslaan,M
Avenue Hippolyte Boulenger,Hippolyte Boulengerlaan,M
Avenue Hoche,Hochelaan,M
Avenue Houzeau,Houzeaulaan,M
Avenue Huart Hamoir,Huart Hamoirlaan,M
Avenue Hugo Van der Goes,Hugo Van der Goeslaan,M
Avenue Ilya Prigogine,Ilya Prigoginelaan,M
Avenue Impératrice Charlotte,Keizerin Charlottelaan,F
Avenue Isidore Gérard,Isidore Gérardlaan,M
Avenue Isidore Geyskens,Isidore Geyskenslaan,M
Avenue J. F. Debecker,J. F. Debeckerlaan,M
Avenue J. P. Rullens,J. P. Rullenslaan,M
Avenue J.G. Van Goolen,J.G. Van Goolenlaan,M
Avenue J.P. Rullens,J.P. Rullenslaan,M
Avenue Jaak Pieter Ballings,Jaak Pieter Ballingslaan,M
Avenue Jacqueline Harpman,Jacqueline Harpmanlaan,F
Avenue Jacques Brel,Jacques Brellaan,M
Avenue Jacques De Meurers,Jacques De Meurerslaan,M
Avenue Jacques Dormont,Jacques Dormontlaan,M
Avenue Jacques Georgin,Jacques Georginlaan,M
Avenue Jacques Pastur,Jacques Pasturlaan,M
Avenue Jacques Sermon,Jacques Sermonlaan,M
Avenue Jacques Swartenbrouck,Jacques Swartenbroucklaan,M
Avenue Jan Olieslagers,Jan Olieslagerslaan,M
Avenue Jan Stobbaerts,Jan Stobbaertslaan,M
Avenue Jan Verdoodt,Jan Verdoodtlaan,M
Avenue Jean Accent,Jean Accentlaan,M
Avenue Jean Brusselmans,Jean Brusselmanslaan,M
Avenue Jean Burgers,Jean Burgerslaan,M
Avenue Jean Charlier,Jean Charlierlaan,M
Avenue Jean Colin,Jean Colinlaan,M
Avenue Jean de Bologne,Jean de Bolognelaan,M
Avenue Jean de la Hoese,Jean de la Hoeselaan,M
Avenue Jean Dubrucq,Jean Dubrucqlaan,M
Avenue Jean et Pierre Carsoel,Jean en Pierre Carsoellaan,M
Avenue Jean Jaurès,Jean Jaureslaan,M
Avenue Jean Josée,Jean Joséelaan,M
Avenue Jean Joseph Crocq,Jean Joseph Crocqlaan,M
Avenue Jean Laudy,Jean Laudylaan,M
Avenue Jean Monnet,Jean Monnetlaan,M
Avenue Jean Palfyn,Jan Palfynlaan,M
Avenue Jean Roch Collon,Jean Roch Collonlaan,M
Avenue Jean Sebastien Bach,Johann Sebastian Bachlaan,M
Avenue Jean Sibélius,Jean Sibéliuslaan,M
Avenue Jean Sobieski,Jan Sobieskilaan,M
Avenue Jean Van Horenbeeck,Jean Van Horenbeecklaan,M
Avenue Jean Vanhaelen,Jean Vanhaelenlaan,M
Avenue Jean Volders,Jean Volderslaan,M
Avenue Jean-Baptiste Depaire,Jean-Baptiste Depairelaan,M
Avenue Jean-François Debecker,Jean-François Debeckerlaan,M
Avenue Jean-François Leemans,Jean-François Leemanslaan,M
Avenue Jeanne,Johannalaan,F
Avenue Jef Lambeaux,Jef Lambeauxlaan,M
Avenue Jolé,Jolélaan,M
Avenue Joseph Baeck,Joseph Baecklaan,M
Avenue Joseph Borlé,Joseph Borlélaan,M
Avenue Joseph Chaudron,Joseph Chaudronlaan,M
Avenue Joseph De Heyn,Joseph De Heynlaan,M
Avenue Joseph Divoort,Joseph Divoortlaan,M
Avenue Joseph Jean Gossiaux,Joseph Jean Gossiauxlaan,M
Avenue Joseph Jongen,Joseph Jongenlaan,M
Avenue Joseph Lemaire,Joseph Lemairelaan,M
Avenue Joseph Peereboom,Joseph Peereboomlaan,M
Avenue Joseph Rutten,Joseph Ruttenlaan,M
Avenue Joseph Van Genegen,Joseph Van Genegenlaan,M
Avenue Joseph Vandersmissen,Joseph Vandersmissenlaan,M
Avenue Joseph Vanhellemont,Joseph Vanhellemontlaan,M
Avenue Joseph Wybran,Joseph Wybranlaan,M
Avenue Joseph-Jean Gossiaux,Joseph Jean-Gossiauxlaan,M
Avenue Josse Goffin,Josse Goffinlaan,M
Avenue Josse Smets,Josse Smetslaan,M
Avenue Jottrand,Jottrandlaan,M
Avenue Jules Bordet,Jules Bordetlaan,M
Avenue Jules Buyssens,Jules Buyssenslaan,M
Avenue Jules César,Julius Caesarlaan,M
Avenue Jules de Trooz,Jules de Troozlaan,M
Avenue Jules Du Jardin,Jules Du Jardinlaan,M
Avenue Jules Génicot,Jules Génicotlaan,M
Avenue Jules Malou,Jules Maloulaan,M
Avenue Jules Vandeleene,Jules Vandeleenelaan,M
Avenue Julien Hanssens,Julien Hanssenslaan,M
Avenue Konrad Adenauer,Konrad Adenauerlaan,M
Avenue Laënnec,Laënneclaan,M
Avenue Le Marinel,Le Marinellaan,M
Avenue Léo Errera,Léo Erreralaan,M
Avenue Léon Debatty,Léon Debattylaan,M
Avenue Léon Grosjean,Léon Grosjeanlaan,M
Avenue Léon Houyoux,Léon Houyouxlaan,M
Avenue Léon Mahillon,Léon Mahillonlaan,M
Avenue Léon Tombu,Léon Tombulaan,M
Avenue Léonard Mommaerts,Léonard Mommaertslaan,M
Avenue Léopold Florent Lambin,Leopold Florent Lambinlaan,M
Avenue Léopold III,Leopold III laan,M
Avenue Léopold III,Leopold III-laan,M
Avenue Léopold Wiener,Léopold Wienerlaan,M
Avenue Lieutenant Général Pire,Luitenant-Generaal Pirelaan,M
Avenue Livingstone,Livingstonelaan,M
Avenue Lloyd George,Lloyd Georgelaan,M
Avenue Louis Berlaimont,Louis Berlaimontlaan,M
Avenue Louis Bertrand,Louis Bertrandlaan,M
Avenue Louis Ceusters,Louis Ceusterslaan,M
Avenue Louis Clesse,Louis Clesselaan,M
Avenue Louis De Brouckère,Louis De Brouckèrelaan,M
Avenue Louis Dehoux,Louis Dehouxlaan,M
Avenue Louis Fuchs,Louis Fuchslaan,M
Avenue Louis Gribaumont,Louis Gribaumontlaan,M
Avenue Louis Jasmin,Louis Jasminlaan,M
Avenue Louis Lepoutre,Louis Lepoutrelaan,M
Avenue Louis Piérard,Louis Piérardlaan,M
Avenue Louis Thévenet,Louis Thévenetlaan,M
Avenue Louis Van Gorp,Louis Van Gorplaan,M
Avenue Louis Vander Swaelmen,Louis Vander Swaelmenlaan,M
Avenue Louis Vercauteren,Louis Vercauterenlaan,M
Avenue Louise,Louizalaan,F
Avenue Louis-Léopold Vander Swaelmen,Louis-Léopold Vander Swaelmenlaan,M
Avenue Madoux,Madouxlaan,M
Avenue Mahatma Gandhi,Mahatma Gandhilaan,M
Avenue Manoir d'Anjou,Manoir d'Anjoulaan,M
Avenue Marc Henri Van Laer,Marc Henri Van Laerlaan,M
Avenue Marcel Devienne,Marcel Deviennelaan,M
Avenue Marcel Thiry,Marcel Thirylaan,M
Avenue Maréchal Foch,Maarschalk Fochlaan,M
Avenue Maréchal Joffre,Maarschalk Joffrelaan,M
Avenue Maréchal Ney,Maarschalk Neylaan,M
Avenue Marguerite Yourcenar,Marguerite Yourcenarlaan,F
Avenue Marie de Hongrie,Maria van Hongarijelaan,F
Avenue Marie la Misérable,Lenneke Marelaan,F
Avenue Marius Renard,Marius Renardlaan,M
Avenue Marnix,Marnixlaan,M
Avenue Marquis de Villalobar,Markies de Villalobarlaan,M
Avenue Massenet,Massenetlaan,M
Avenue Mathieu De Jonge,Mathieu De Jongelaan,M
Avenue Maurice Dekeyser,Maurice Dekeyserlaan,M
Avenue Maurice Maeterlinck,Maurice Maeterlincklaan,M
Avenue Maurice Van Hemelrijck,Maurice Van Hemelrijcklaan,M
Avenue Maxe Smal,Maxe Smallaan,M
Avenue Maxime Van Praag,Maxime Van Praaglaan,M
Avenue Michel de Ghelderode,Michel de Ghelderodelaan,M
Avenue Michel Sterckmans,Michel Sterckmanslaan,M
Avenue Michel-Ange,Michel Angelolaan,M
Avenue Milcamps,Milcampslaan,M
Avenue Minerve,Minervalaan,F
Avenue Molière,Molièrelaan,M
Avenue Montgolfier,Montgolfierlaan,M
Avenue Mozart,Mozartlaan,M
Avenue Napoléon,Napoléonlaan,M
Avenue Nellie Melba,Nellie Melbalaan,F
Avenue Neptune,Neptunuslaan,M
Avenue Nestor Plissart,Nestor Plissartlaan,M
Avenue Norbert Gille,Norbert Gillelaan,M
Avenue Notre-Dame,Onze Lieve Vrouwlaan,F
Avenue Notre-Dame de Fatima,Onze Lieve-Vrouw van Fatimalaan,F
Avenue Notre-Dame de Lourdes,Onze-Lieve-Vrouw Van Lourdeslaan,F
Avenue Odon Warland,Odon Warlandlaan,M
Avenue Orion,Orionlaan,M
Avenue Oscar Jespers,Oscar Jesperslaan,M
Avenue Oscar Van Goidtsnoven,Oscar Van Goidtsnovenlaan,M
Avenue Palmerston,Palmerstonlaan,M
Avenue Paul De Merten,Paul De Mertenlaan,M
Avenue Paul Dejaer,Paul Dejaerlaan,M
Avenue Paul Deschanel,Paul Deschanellaan,M
Avenue Paul Gilson,Paul Gilsonlaan,M
Avenue Paul Héger,Paul Hégerlaan,M
Avenue Paul Hymans,Paul Hymanslaan,M
Avenue Paul Janson,Paul Jansonlaan,M
Avenue Paul Stroobant,Paul Stroobantlaan,M
Avenue Paul Vanden Thoren,Paul Vanden Thorenlaan,M
Avenue Paul Verheyleweghen,Paul Verheyleweghenlaan,M
Avenue Paule,Paulalaan,F
Avenue Paul-Henri Spaak,Paul-Henri Spaaklaan,M
Avenue Pénélope,Penelopelaan,F
Avenue Père Agnello,Pater Agnellolaan,M
Avenue Père Damien,Pater Damiaanlaan,M
Avenue Père Hilaire,Pater Hilariuslaan,M
Avenue Philippe Thomas,Philippe Thomaslaan,M
Avenue Pierre Beyst,Pierre Beystlaan,M
Avenue Pierre Devis,Pierre Devislaan,M
Avenue Pierre d'Union,Pierre d'Unionlaan,M
Avenue Pierre Vander Biest,Pierre Vander Biestlaan,M
Avenue Pieter Goedefroy,Pieter Goedefroylaan,M
Avenue Platon,Platolaan,M
Avenue Prince Baudouin,Prins Boudewijnlaan,M
Avenue Prince de Ligne,Prins de Lignelaan,M
Avenue Princesse Elisabeth,Prinses Elisabethlaan,F
Avenue Prudent Bols,Prudent Bolslaan,M
Avenue Ptolémée,Ptolemeelaan,M
Avenue Raymond de Meester,Raymond de Meesterlaan,M
Avenue Raymond Foucart,Raymond Foucartlaan,M
Avenue Raymond Vander Bruggen,Raymond Vander Bruggenlaan,M
Avenue Reinaert de Vos,Reinaert de Voslaan,M
Avenue Reine Astrid,Koningin Astridlaan,F
Avenue Reine Elisabeth,Koningin Elisabethlaan,F
Avenue Reine Marie-Henriette,Koningin Maria-Henriettalaan,F
Avenue René Berrewaerts,René Berrewaertslaan,M
Avenue René Comhaire,René Comhairelaan,M
Avenue René Coulbaut,René Coulbautlaan,M
Avenue René Gobert,René Gobertlaan,M
Avenue René Lyr,René Lyrlaan,M
Avenue René Piret,René Piretlaan,M
Avenue René Stevens,René Stevenslaan,M
Avenue Richard Mazza,Richard Mazzalaan,M
Avenue Richard Neybergh,Richard Neyberghlaan,M
Avenue Robert Dalechamp,Robert Dalechamplaan,M
Avenue Roger Hainaut,Roger Hainautlaan,M
Avenue Roger Lallemand,Roger Lallemandlaan,M
Avenue Roger Vandendriessche,Roger Vandendriesschelaan,M
Avenue Rogier,Rogierlaan,M
Avenue Romain Rolland,Romain Rollandlaan,M
Avenue Saint-Augustin,Sint-Augustinuslaan,M
Avenue Sainte-Alix,Sinte-Aleidislaan,F
Avenue Sainte-Anne,Sint-Annalaan,F
Avenue Saint-Jean,Sint-Janslaan,M
Avenue Secrétin,Secrétinlaan,M
Avenue Seghers,Segherslaan,M
Avenue Simone Veil,Simone Veillaan,F
Avenue Sleeckx,Sleeckxlaan,M
Avenue Stiénon,Stiénonlaan,M
Avenue Stuart Merrill,Stuart Merrilllaan,M
Avenue Tedesco,Tedescolaan,M
Avenue Télémaque,Telemachuslaan,M
Avenue Théo Vanpé,Théo Vanpélaan,M
Avenue Théo Verbeeck,Théo Verbeecklaan,M
Avenue Thiriar,Thiriarlaan,M
Avenue Thomas Frissen,Thomas Frissenlaan,M
Avenue Tolstoï,Tolstoïlaan,M
Avenue Ulysse,Ulysselaan,M
Avenue van der Meerschen,van der Meerschenlaan,M
Avenue Van Praet,Van Praetlaan,M
Avenue Vanderaey,Vanderaeylaan,M
Avenue Vandromme,Vandrommelaan,M
Avenue Verdi,Verdilaan,M
Avenue Victor et Jules Bertaux,Victor en Jules Bertauxlaan,M
Avenue Victor Gilsoul,Victor Gilsoullaan,M
Avenue Victor Jacobs,Victor Jacobslaan,M
Avenue Victor Moreau,Victor Moreaulaan,M
Avenue Victor Olivier,Victor Olivierlaan,M
Avenue Victor Rousseau,Victor Rousseaulaan,M
Avenue Victor Tahon,Victor Tahonlaan,M
Avenue Victor-Emmanuel III,Victor-Emmanuel III laan,M
Avenue Victoria,Victorialaan,F
Avenue Vincent Van Gogh,Vincent Van Goghlaan,M
Avenue Vincent Vandermaelen,Vincent Vandermaelenlaan,M
Avenue Vital Riethuisen,Vital Riethuisenlaan,M
Avenue Voltaire,Voltairelaan,M
Avenue Waxweiler,Waxweilerlaan,M
Avenue Wellington,Wellingtonlaan,M
Avenue Winston Churchill,Winston Churchilllaan,M
Avenue Xavier Henrard,Xavier Henrardlaan,M
Avenue Yvan Lutens,Yvan Lutenslaan,M
Avenue Zaman,Zamanlaan,M
Avenue Zénobe Gramme,Zénobe Grammelaan,M
Boulevard Adolphe Max,Adolphe Maxlaan,M
Boulevard Anspach,Anspachlaan,M
Boulevard Aristide Briand,Aristide Briandlaan,M
Boulevard Auguste Reyers,Auguste Reyerslaan,M
Boulevard Barthélémy,Barthelemylaan,M
Boulevard Baudouin,Boudewijnlaan,M
Boulevard Brand Whitlock,Brand Whitlocklaan,M
Boulevard Charlemagne,Karel de Grotelaan,M
Boulevard Clovis,Clovislaan,M
Boulevard de Smet de Naeyer,de Smet de Naeyerlaan,M
Boulevard du Roi Albert II,Koning Albert II-laan,M
Boulevard Edmond Machtens,Edmond Machtenslaan,M
Boulevard Émile Bockstael,Emile Bockstaellaan,M
Boulevard Emile Jacqmain,Emile Jacqmainlaan,M
Boulevard Félix Paulsen,Félix Paulsenlaan,M
Boulevard Général Jacques,Generaal Jacqueslaan,M
Boulevard Général Wahis,Generaal Wahislaan,M
Boulevard Guillaume Van Haelen,Guillaume Van Haelenlaan,M
Boulevard Henri Simonet,Henri Simonetlaan,M
Boulevard Jamar,Jamarlaan,M
Boulevard Joseph Bracops,Joseph Bracopslaan,M
Boulevard Josse Leemans,Josse Leemanslaan,M
Boulevard Jules Graindor,Jules Graindorlaan,M
Boulevard Lambermont,Lambermontlaan,M
Boulevard Léopold II,Leopold II-laan,M
Boulevard Léopold III,Leopold III-laan,M
Boulevard Louis Mettewie,Louis Mettewielaan,M
Boulevard Louis Schmidt,Louis Schmidtlaan,M
Boulevard Maria Groeninckx-De May,Maria Groeninckx-De Maylaan,F
Boulevard Maurice Carême,Maurice Carêmelaan,M
Boulevard Maurice Herbette,Maurice Herbettelaan,M
Boulevard Maurice Lemonnier,Maurice Lemonnierlaan,M
Boulevard Pachéco,Pachecolaan,M
Boulevard Poincaré,Poincarélaan,M
Boulevard Prince de Liège,Prins van Luiklaan,M
Boulevard Saint-Lazare,Sint-Lazaruslaan,M
Boulevard Saint-Michel,Sint-Michielslaan,M
Boulevard Shakespeare,Shakespearelaan,M
Boulevard Simon Bolivar,Simon Bolivarlaan,M
Boulevard Sylvain Dupuis,Sylvain Dupuislaan,M
Boulevard Théo Lambert,Théo Lambertlaan,M
Carré Cassimans,Cassimansblok,M
Carré Meert,Meertblok,M
Carré Pauwels,Pauwelsblok,M
Carré Peeters,Peetersblok,M
Carré Stevens,Stevensblok,M
Carrefour Sainte-Anne,Sint-Annakruispunt,F
Chaussée de Saint-Job,Sint-Jobsesteenweg,M
Chemin Alfred Hitchcock,Alfred Hitchcockweg,M
Chemin Bourvil,Bourvilweg,M
Chemin Charles Vanel,Charles Vanelweg,M
Chemin Eric von Stroheim,Eric von Stroheimweg,M
Chemin François Truffaut,François Truffautweg,M
Chemin Laurence Olivier,Laurence Oliviergaarde,M
Chemin Luigi Visconti,Luigi Viscontiweg,M
Chemin Luis Bunuel,Luis Bunuelweg,M
Chemin Pierre Vereman,Pierre Veremanweg,M
Cité Fontainas,Fontainashof,M
Cité Jourdan,Jourdan Wijk,M
Clos A.J. Slegers,A.J. Slegersgaarde,M
Clos Albert Crommelynck,Albert Crommelynckgaarde,M
Clos Albert Marinus,Albert Marinusgaarde,M
Clos Alberto Santos Dumont,Alberto Santos Dumontgaarde,M
Clos André Lagasse,André Lagassegaarde,M
Clos André Rappe,André Rappegaarde,M
Clos Andrée De Jongh,Andrée de Jonghgaarde,F
Clos Andrée Dumont,Andrée Dumontgaarde,F
Clos Bourgmestre De Keyser,Burgemeester De Keysergaarde,M
Clos Cassiopée,Cassiopeagaarde,F
Clos Comte De Ferraris,Graaf De Ferrarisgaarde,M
Clos Dandoy,Dandoygaarde,M
Clos de l'Abbé Froidure,Priester Froiduregaarde,M
Clos du Drossart,Drossaardgaarde,M
Clos du Drossart,,M
Clos Edgard Neuberger,Edgard Neubergergaarde,M
Clos Fernand Tonnet,Fernand Tonnetgaarde,M
Clos Ingrid Bergman,Ingrid Bergmangaarde,F
Clos Jacques Wagner,Jacques Wagnergaarde,M
Clos Jean Mermoz,Jean Mermozgaarde,M
Clos Jean Van Ryn,Jean Van Ryngaarde,M
Clos Jean-Pierre De Launoit,Jean-Pierre De Launoitgaarde,M
Clos Joseph Hanse,Joseph Hanse hof,M
Clos Joseph Hendrickx,Joseph Hendrickxgaarde,M
Clos Joseph Otten,Joseph Ottengaarde,M
Clos Louis Banken,Louis Bankengaarde,M
Clos Lucien Outers,Lucien Outersgaarde,M
Clos Marcel Fonteyne,Marcel Fonteynegaarde,M
Clos Marilyn Monroe,Marilyn Monroegaarde,F
Clos Paul Delforge,Paul Delforgegaarde,M
Clos Pierre Dupont,Pierre Dupontgaarde,M
Clos Pierre Vander Biest,Pierre Vander Biestgaarde,M
Clos Prométhée,Prometheusgaarde,M
Clos René Magritte,René Magrittegaarde,M
Clos Saint-Georges,Sint-Georgiousgaarde,M
Clos Saint-Georges,Sint-Georgiusgaarde,M
Clos Saint-Martin,Sint-Martinusgaarde,M
Clos Theodore de Cuyper,Theodore de Cuypergaarde,M
Clos Victor Gilsoul,Victor Gilsoulgaarde,M
Clos Willy Chambon,Willy Chambongaarde,M
Cour Saint-Lazare,Sint-Lazarushof,M
Cours Gordon Bennett,Gordon Bennettwarande,M
Cours Paul-Henri Spaak,Paul-Henri Spaak Promenade,M
Cours Saint Guidon,Sint-Guidocorso,M
Cours Saint-Michel,Sint-Michielswarande,M
Drève Aleyde De Brabant,Aleyde Van Brabantdreef,F
Drève Aurélie Solvay,Aurélie Solvaydreef,F
Drève de Saint-Hubert,Sint-Hubertusdreef,M
Drève Joseph Vanderborght,Joseph Vanderborghtdreef,M
Drève Louisa Chaudoir,Louisa Chaudoirdreef,F
Drève Recteur Van Waeyenbergh,Rector Van Waeyenberghdreef,M
Drève Sainte-Anne,Sint-Annadreef,F
Drève Saint-Hubert,Sint-Hubertusdreef,M
Drève Soetkin,Soetkindreef,F
Drève Tyl Uylenspiegel,Tijl Uilenspiegeldreef,M
Esplanade Paul-Henri Spaak,Paul-Henri Spaakvoorplein,M
Galerie Horta,Hortagalerij,M
Galerie Ravenstein,Ravensteingalerij,M
Impasse Madrille,Madrillegang,M
Impasse Ronsmans,Ronsmansgang,M
Impasse Saint Sébastien,Sint-Sebastiaansgang,M
Impasse Sainte-Pétronille,Sint-Petronillagang,F
Impasse Saint-Jacques,Sint-Jakobsgang,M
Impasse Saint-Nicolas,Sint-Nikolaasgang,M
Jardin Martin V,Martinus V-tuin,M
Mont Saint-Lambert,Sint-Lambertusberg,M
Parc Jean Monnet,Jean Monnetpark,M
Parvis Notre-Dame,Onze-Lieve-Vrouwvoorplein,F
Parvis Saint-Antoine,Sint-Antoniusvoorplein,M
Parvis Sainte-Alix,Sinte-Aleidisvoorplein,F
Parvis Sainte-Cécile,Sint-Ceciliavoorplein,F
Parvis Saint-Henri,Sint-Hendriksvoorplein,M
Parvis Saint-Jean-Baptiste,Sint-Jan-Baptistvoorplein,M
Parvis Saint-Pierre,Sint-Pietersvoorplein,M
Passage Charles Rogier,Karel Rogier doorgang,M
Passage Joe Van Holsbeeck,Joe Van Holsbeeckpassage,M
Passage Marguerite Yourcenar,Marguerite Yourcenar doorgang,F
Passage Oliver Hardy,Oliver Hardydoorgang,M
Passage Simone Signoret,Simone Signoretdoorgang,F
Passage Stan Laurel,Stan Laurel Doorgang,M
Passage Yves Montano,Yves Montanodoorgang,M
Passerelle Fransman-Stevens,Voetgangersbrug Fransman-Stevens,M
Petite rue Anna Magnani,Kleine Anna Magnanistraat,F
Petite Rue Malibran,Korte Malibranstraat,F
Petite Rue Sainte-Anne,Kleine Sint-Annastraat,F
Place Adolphe Sax,Adolphe Saxplein,M
Place Aimé Dandoy,Aimé Dandoyplein,M
Place Akarova,Akarovaplein,F
Place Albert Leemans,Albert Leemansplein,M
Place Alexandre Pouchkine,Alexander Poesjkinplein,M
Place Alphonse Lemmens,Alphonse Lemmensplein,M
Place André Duchêne,André Duchêneplein,M
Place Andrée Payfa-Fosseprez,Andrée Payfa-Fosseprezplein,F
Place Anneessens,Anneessensplein,M
Place Antoine Delporte,Antoine Delporteplein,M
Place Antoine Gilson,Antoine Gilsonplein,M
Place Arthur Van Gehuchten,Arthur Van Gehuchtenplein,M
Place Bara,Baraplein,M
Place Bizet,Bizetplein,M
Place Cardinal Mercier,Kardinaal Mercierplein,M
Place Charles Graux,Charles Grauxplein,M
Place Charles Rogier,Karel Rogierplein,M
Place Colignon,Colignonplein,M
Place Colonel Bremer,Kolonel Bremerplein,M
Place Constantin Meunier,Constantin Meunieurplein,M
Place Dailly,Daillyplein,M
Place De Brouckère,De Brouckèreplein,M
Place de Jamblinne de Meux,de Jamblinne de Meuxplein,M
Place de la Reine Paola,Koningin Paolaplein,F
Place de l'Albertine,Albertinaplein,M
Place Docteur Schweitzer,Dokter Schweitzerplein,M
Place du Roi Vainqueur,Koning Overwinnaarplein,M
Place Dumon,Dumonplein,M
Place Edmond Leroy,Edmond Leroyplaats,M
Place Édouard Pinoy,Edouard Pinoyplein,M
Place Émile Bockstael,Emile Bockstaelplein,M
Place Émile Danco,Émile Dancoplein,M
Place Ernest S'Jonghers,Ernest S'Jonghersplein,M
Place Eugène Flagey,Eugène Flageyplein,M
Place Eugène Keym,Eugène Keymplein,M
Place Eugène Simonis,Eugène Simonisplein,M
Place Eugène Verboekhoven,Eugène Verboekhovenplein,M
Place Félix Govaert,Félix Govaertplein,M
Place Fernand Cocq,Fernand Cocqplein,M
Place Fontainas,Fontainasplein,M
Place François Bossuet,François Bossuetplein,M
Place Gaucheret,Gaucheretplein,M
Place Général Meiser,Generaal Meiserplein,M
Place Georges Brugmann,Georges Brugmannplein,M
Place Guido Gezelle,Guido Gezelleplein,M
Place Gustave Pattyn,Gustave Pattynplein,M
Place Guy d'Arezzo,Guido van Arezzoplein,M
Place Henri Conscience,Hendrik Conscienceplein,M
Place Henri De Smet,Henri De Smetplein,M
Place Henri Vanhuffel,Henri Vanhuffelplein,M
Place Hermann Dumont,Hermann Dumontplein,M
Place Hervé Brouhon,Hervé Brouhonplats,M
Place Homère Goossens,Homère Goossensplein,M
Place Houwaert,Houwaertplein,M
Place Jean De Paduwa,Jan De Paduwaplaats,M
Place Jean de Paduwa,Jean de Paduwaplein,M
Place Jean Gabin,Jean Gabinplein,M
Place Jean Jacobs,Jan Jacobsplein,M
Place Jean Rey,Jean Reyplein,M
Place Jean Vander Elst,Jean Vander Elstplein,M
Place Jean-Baptiste Carnoy,Jean-Baptiste Carnoyplein,M
Place Jean-Baptiste Degrooff,Jean-Baptiste Degrooffplein,M
Place Jean-Louis Thys,Jean-Louis Thysplaats,M
Place Jef Mennekens,Jef Mennekensplaats,M
Place Jo Cox,Jo Coxplein,F
Place Joseph Benoît Willems,Joseph Benoît Willemsplein,M
Place Joseph Wauters,Joseph Wautersplein,M
Place Jourdan,Jourdanplein,M
Place Julien Dillens,Julien Dillensplein,M
Place Laneau,Laneauplein,M
Place Lehon,Lehonplein,M
Place Léon Vanderkindere,Léon Vanderkindereplein,M
Place Léon Wielemans,Léon Wielemansplein,M
Place Léopold Rosy,Léopold Rosyplein,M
Place Léopold Wiener,Léopold Wienerplein,M
Place Liedts,Liedtsplein,M
Place Loix,Loixplein,M
Place Louis Morichar,Louis Moricharplein,M
Place Louis Steens,Louis Steensplein,M
Place Louise,Louizaplein,F
Place Madou,Madouplein,M
Place Madou,Madouplein,M
Place Marcel Broodthaers,Marcel Broodthaersplein,M
Place Marguerite d'Autriche,Margaretha van Oostenrijkplein,F
Place Marie-José,Marie-Joséplein,F
Place Martin Luther King,Martin Luther Kingplein,M
Place Masui,Masuiplein,M
Place Maurice Van Meenen,Maurice Van Meenenplein,M
Place Max Tircher,Max Tircherplein,M
Place Ministre Wauters,Minister Wautersplein,M
Place Olivier Strebelle,Olivier Strebelleplein,M
Place Oscar Ruelens,Oscar Ruelensplein,M
Place Paul Craps,Paul Crapsplein,M
Place Peter Benoit,Peter Benoitplein,M
Place Philippe Werrie,Philippe Werrieplein,M
Place Poelaert,Poelaertplein,M
Place Pogge,Poggeplein,M
Place Princesse Elisabeth,Prinses Elisabethplein,F
Place Quetelet,Queteletplein,M
Place Quetelet,Queteletplein,M
Place Raymond Blyckaerts,Raymond Blyckaertsplein,M
Place Reine Astrid,Koningin Astridplein,F
Place Reine Fabiola,Koningin Fabiolaplein,F
Place Rik Wouters,Rik Woutersplein,M
Place Roi Baudouin,Koning Boudewijnplein,M
Place Rouppe,Rouppeplein,M
Place Saint-Antoine,Sint-Antoonplein,M
Place Saint-Denis,Sint-Denijsplein,M
Place Sainte-Catherine,Sint-Katelijneplein,F
Place Sainte-Gudule,Sinter-Goedeleplein,F
Place Saint-Géry,Sint-Goriksplein,M
Place Saint-Jean,Sint-Jansplein,M
Place Saint-Josse,Sint-Joostplein,M
Place Saint-Lambert,Sint-Lambertusplein,M
Place Saint-Lazare,Sint-Lazarusplein,M
Place Saint-Nicolas,Sint-Nikolaasplein,M
Place Saint-Pierre,Sint-Pietersplein,M
Place Saint-Vincent,Sint-Vincentiusplaats,M
Place Salvador Allende,Salvador Allendeplein,M
Place Séverine,Séverineplein,F
Place Simon Bolivar,Simon Bolivarplein,M
Place Solvay,Solvayplein,M
Place Solvay,Solvayplein,M
Place Stéphanie,Stefaniaplein,F
Place Stephenson,Stephensonplein,M
Place Surlet de Chokier,Surlet de Chokierplein,M
Place Thomas Balis,Thomas Balisplein,M
Place Van Meyel,Van Meyelplein,M
Place Vanhuffel,Vanhuffelplein,M
Place Verdi,Verdiplein,M
Place Verheyleweghen,Verheyleweghenplein,M
Place Victor Horta,Victor Hortaplein,M
Place Voltaire,Voltaireplein,M
Place Wappers,Wappersplein,M
Pont Borée,Boreabrug,M
Pont Fernand Demany,Fernand Demanybrug,M
Pont Suzan Daniel,Suzan Danielbrug,F
Pont Van Praet,Van Praetbrug,M
Promenade Gérard Philippe,Gérard-Philippewandelpad,M
Promenade Hippolyte Rolin,Hippolyte Rolinpromenade,M
Promenade Jacques Ledoux,Jacques Ledoux Wandeling,M
Quai Fernand Demets,Fernand Demetskaai,M
Quai Léon Monnoyer,Léon Monnoyerkaai,M
Quai Monnoyer,Monnoyerkaai,M
Quai Reine Astrid,Kw Koningin Astrid,F
Rond Point Charles Solau,Charles Solauplein,M
Rond Point Henri Simonet,Henri Simonetplein,M
Rond-Point Henri Nestlé,Henri Nestléplein,M
Rond-Point Jean Offenberg,Jean Offenbergplein,M
Rond-point Louis Thévenet,Louis Thévenetrondpunt,M
Rond-Point Pierre de Tollenaere,Pierre de Tollenaereplein,M
Rond-point René Cliquet,René Cliquetplein,M
Rond-Point Robert Schuman,Robert Schumanplein,M
Rond-point Winston Churchill,Winston Churchillplein,M
Rue Abbé Cuylits,Pastoor Cuylitsstraat,M
Rue Abbé Cuypers,Priester Cuypersstraat,M
Rue Abbé de l'Epée,Priester de l'Epéestraat,M
Rue Abbé Jean Heymans,Priester Jean Heymansstraat,M
Rue Abbé Paul Le Roux,Priester Paul Le Rouxstraat,M
Rue Abbé Victor de Sloover,Priester Victor de Slooverstraat,M
Rue Achille Detienne,Achille Detiennestraat,M
Rue Achille Jonas,Achille Jonasstraat,M
Rue Adolphe De Brandt,Adolf De Brandtstraat,M
Rue Adolphe Keller,Adolphe Kellerstraat,M
Rue Adolphe Lavallée,Adolphe Lavalléestraat,M
Rue Adolphe Marbotin,Adolphe Marbotinstraat,M
Rue Adolphe Mathieu,Adolphe Mathieustraat,M
Rue Adolphe Prins,Adolphe Prinsstraat,M
Rue Adolphe Roobaert,Adolphe Roobaertstraat,M
Rue Adolphe Vandenschrieck,Adolphe Vandenschrieckstraat,M
Rue Adolphe Willemijns,Adolphe Willemijnsstraat,M
Rue Adolphe Willemijns,Demosthenesstraat,M
Rue Adolphe Willemyns,Adolphe Willemynsstraat,M
Rue Aimé Smekens,Aimé Smekensstraat,M
Rue Albert,Albertstraat,M
Rue Albert De Bast,Albert De Baststraat,M
Rue Albert de Latour,Albert de Latourstraat,M
Rue Albert De Meyer,Albert De Meyerstraat,M
Rue Albert De Meyer,Albert De Meyerstraat,M
Rue Albert Dillie,Albert Dilliestraat,M
Rue Albert Krings,Albert Kringsstraat,M
Rue Albert Lacroix,Albert Lacroixstraat,M
Rue Albert Meunier,Albert Meunierstraat,M
Rue Albert Meurice,Albert Meuricestraat,M
Rue Albert Vanderkindere,Albert Vanderkinderestraat,M
Rue Alderson Jeuniau,Alderson Jeuniaustraat,M
Rue Alex Marcette,Alex Marcettestraat,M
Rue Alexandre De Craene,Alexandre De Craenestraat,M
Rue Alexandre Markelbach,Alexandre Markelbachstraat,M
Rue Alexandre Pierrard,Alexandre Pierrardstraat,M
Rue Alexandre Wouters,Alexandre Woutersstraat,M
Rue Alexis Mousin,Alexis Mousinstraat,M
Rue Alexis Willem,Alexis Willemstraat,M
Rue Alfred Cluysenaar,Alfred Cluysenaarstraat,M
Rue Alfred Doulceron,Alfred Doulceronstraat,M
Rue Alfred Dubois,Alfred Duboisstraat,M
Rue Alfred Giron,Alfred Gironstraat,M
Rue Alfred Orban,Alfred Orbanstraat,M
Rue Alfred Stevens,Alfred Stevensstraat,M
Rue Allard,Allardstraat,M
Rue Aloïs Verstraeten,Aloïs Verstraetenstraat,M
Rue Alphonse Asselbergs,Alphonse Asselbergsstraat,M
Rue Alphonse Balis,Alphonse Balisstraat,M
Rue Alphonse De Witte,Alphonse De Wittestraat,M
Rue Alphonse Demunter,Alphonse Demunterstraat,M
Rue Alphonse et Maurice Hellinckx,Alphonse en Maurice Hellinckxstraat,M
Rue Alphonse Hottat,Alphonse Hottatstraat,M
Rue Alphonse Renard,Alphonse Renardstraat,M
Rue Alphonse Vande Maele,Alfons Vande Maelestraat,M
Rue Alphonse Vanden Bossche,Alfons Vanden Bosschestraat,M
Rue Alphonse Vandenpeereboom,Alphonse Vandenpeereboomstraat,M
Rue Alphonse Wauters,Alphonse Wautersstraat,M
Rue Amédée Lynen,Amédée Lynenstraat,M
Rue Amélie Gomand,Amélie Gomandstraat,F
Rue Anatole France,Anatole Francestraat,M
Rue André Baillon,André Baillonstraat,M
Rue André Bertulot,André Bertulotstraat,M
Rue André Crabbe,André Crabbestraat,M
Rue André Fauchille,André Fauchillestraat,M
Rue André Hennebicq,André Hennebicqstraat,M
Rue André Van Hasselt,André Van Hasseltstraat,M
Rue Andrée de Jongh,Andrée de Jonghstraat,F
Rue Anneessens,Anneessensstraat,M
Rue Antoine Baeck,Antoine Baeckstraat,M
Rue Antoine Bréart,Antoine Bréartstraat,M
Rue Antoine Bréart,Antoine Bréartstraat,M
Rue Antoine Clesse,Antoine Clessestraat,M
Rue Antoine Court,Antoine Courtstraat,M
Rue Antoine Dansaert,Antoine Dansaertstraat,M
Rue Antoine Diderich,Antoine Diderichstraat,M
Rue Antoine Gautier,Antoine Gautierstraat,M
Rue Antoine Labarre,Antoine Labarrestraat,M
Rue Antoine Nys,Antoine Nysstraat,M
Rue Antoine Vandergoten,Antoine Vandergotenstraat,M
Rue Antonius Dewinter,Antonius Dewinterstraat,M
Rue Archimède,Archimedesstraat,M
Rue Armand Campenhout,Armand Campenhoutstraat,M
Rue Armand De Neuter,Armand De Neuterstraat,M
Rue Armand de Roo,Armand de Roostraat,M
Rue Armand de Saulnier,Armand de Saulnierstraat,M
Rue Armand Swevers,Armand Sweversstraat,M
Rue Arnold Sohie,Arnold Sohiestraat,M
Rue Artan,Artanstraat,M
Rue Arthur André,Arthur Andréstraat,M
Rue Arthur Cosyn,Arthur Cosynstraat,M
Rue Arthur Dehem,Arthur Dehemstraat,M
Rue Arthur Diderich,Arthur Diderichstraat,M
Rue Arthur Maes,Arthur Maesstraat,M
Rue Arthur Roland,Arthur Rolandstraat,M
Rue Audrey Hepburn,Audrey Hepburnstraat,F
Rue Auguste Beernaert,Auguste Beernaertstraat,M
Rue Auguste Danse,Auguste Dansestraat,M
Rue Auguste De Boeck,August De Boeckstraat,M
Rue Auguste De Cock,Auguste De Cockstraat,M
Rue Auguste Denie,Auguste Deniestraat,M
Rue Auguste Gevaert,Auguste Gevaertstraat,M
Rue Auguste Hainaut,Auguste Hainautstraat,M
Rue Auguste Heene,Auguste Heenestraat,M
Rue Auguste Lambiotte,Auguste Lambiottestraat,M
Rue Auguste Lumière,Auguste Lumièrestraat,M
Rue Auguste Orts,Auguste Ortsstraat,M
Rue Auguste Renoir,Auguste Renoirstraat,M
Rue Auguste Snieders,Auguste Sniedersstraat,M
Rue Auguste Van Zande,Auguste Van Zandestraat,M
Rue Augustin Delporte,Augustin Delportestraat,M
Rue Aviateur Thieffry,Vlieger Thieffrystraat,M
Rue Bara,Barastraat,M
Rue Baron de Castro,Baron de Castrostraat,M
Rue Baron de Laveleye,Baron de Laveleyestraat,M
Rue Baron Dhanis,Baron Dhanisstraat,M
Rue Baron Guillaume Van Hamme,Baron Guillaume Van Hammestraat,M
Rue Baron Horta,Baron Hortastraat,M
Rue Baron Lambert,Baron Lambertstraat,M
Rue Baron Perelman,Baron Perelmanstraat,M
Rue Baron Roger Vander Noot,Baron Roger Vander Nootstraat,M
Rue Bâtonnier Braffort,Stafhouder Braffortstraat,M
Rue Beeckman,Beeckmanstraat,M
Rue Belliard,Belliardstraat,M
Rue Béranger,Bérangerstraat,M
Rue Berckmans,Berckmansstraat,M
Rue Berthelot,Berthelotstraat,M
Rue Blaes,Blaesstraat,M
Rue Blanche,Blanchestraat,M
Rue Blockmans,Blockmansstraat,M
Rue Bodeghem,Bodegemsestraat,M
Rue Boduognat,Boduognatusstraat,M
Rue Bollinckx,Bollinckxstraat,M
Rue Bonaventure,Bonaventurestraat,M
Rue Bonneels,Bonneelsstraat,M
Rue Bordiau,Bordiaustraat,M
Rue Borrens,Borrensstraat,M
Rue Bosquet,Bosquetstraat,M
Rue Bouvier,Bouvierstraat,M
Rue Braemt,Braemtstraat,M
Rue Brederode,Brederodestraat,M
Rue Breesch,Breeschstraat,M
Rue Breughel,Breughelstraat,M
Rue Breydel,Breydelstraat,M
Rue Breydel,Breydelstraat,M
Rue Brialmont,Brialmontstraat,M
Rue Brichaut,Brichautstraat,M
Rue Brogniez,Brogniezstraat,M
Rue Brogniez,Brogniezstraat,M
Rue Brunard,Brunardstraat,M
Rue Buchholtz,Buchholtzstraat,M
Rue Buffon,Buffonstraat,M
Rue Cail et Halot,Cail et Halotstraat,M
Rue Calvin,Calvijnstraat,M
Rue Camille Coquilhat,Camille Coquilhatstraat,M
Rue Camille Lemonnier,Camille Lemonnierstraat,M
Rue Camille Simoens,Camille Simoensstraat,M
Rue Camille Van Exter,Camille Van Exterstraat,M
Rue Camille Wollès,Camille Wollèsstraat,M
Rue Camusel,Camuselstraat,M
Rue Capitaine Crespel,Kapitein Crespelstraat,M
Rue Capitaine Joubert,Kapitein Joubertstraat,M
Rue Caporal Claes,Korporaal Claesstraat,M
Rue Caporal Trésignies,Korporaal Trésigniesstraat,M
Rue Capouillet,Capouilletstraat,M
Rue Capronnier,Capronnierstraat,M
Rue Cardinal Lavigerie,Kardinaal Lavigeriestraat,M
Rue Caroly,Carolystraat,M
Rue Cervantès,Cervantesstraat,M
Rue César Depaepe,César Depaepestraat,M
Rue César Franck,César Franckstraat,M
Rue Charles Bernaerts,Charles Bernaertsstraat,M
Rue Charles Buls,Karel Bulsstraat,M
Rue Charles Cammaert,Karel Cammaertstraat,M
Rue Charles De Buck,Charles De Buckstraat,M
Rue Charles Decoster,Charles Decosterstraat,M
Rue Charles Degroux,Charles Degrouxstraat,M
Rue Charles Demeer,Charles Demeerstraat,M
Rue Charles Hanssens,Charles Hanssensstraat,M
Rue Charles Lechat,Charles Lechatstraat,M
Rue Charles Legrelle,Charles Legrellestraat,M
Rue Charles Lemaire,Charles Lemairestraat,M
Rue Charles Malis,Charles Malisstraat,M
Rue Charles Martel,Karel Martelstraat,M
Rue Charles Meert,Charles Meertstraat,M
Rue Charles Moens,Charles Moensstraat,M
Rue Charles Parenté,Charles Parentéstraat,M
Rue Charles Pas,Charles Passtraat,M
Rue Charles Quint,Keizer Karelstraat,M
Rue Charles Ramaekers,Charles Ramaekersstraat,M
Rue Charles Van Lerberghe,Charles Van Lerberghestraat,M
Rue Charles Vanderstappen,Charles Vanderstappenstraat,M
Rue Charles VI,Karel VI straat,M
Rue Charles VI,Karel VI-straat,M
Rue Charlie Chaplin,Charlie Chaplinstraat,M
Rue Chopin,Chopinstraat,M
Rue Claessens,Claessensstraat,M
Rue Claude Debussy,Claude Debussystraat,M
Rue Clémentine,Clementinestraat,F
Rue Coenraets,Coenraetsstraat,M
Rue Colonel Bourg,Kolonel Bourgstraat,M
Rue Colonel Chaltin,Kolonel Chaltinstraat,M
Rue Colonel Van Gele,Kolonel Van Gelestraat,M
Rue Commandant Charcot,Commandant Charcotstraat,M
Rue Commandant Ponthier,Kommandant Ponthierstraat,M
Rue Copernic,Copernicusstraat,M
Rue Coppens,Coppensstraat,M
Rue Corneille De Clercq,Corneille De Clercqstraat,M
Rue Corneille Hoornaert,Corneille Hoornaertstraat,M
Rue Cornet de Grez,Cornet de Grezstraat,M
Rue Crickx,Crickxstraat,M
Rue Crocq,Crocqstraat,M
Rue Cuerens,Cuerensstraat,M
Rue Cyriel Buysse,Cyriel Buyssestraat,M
Rue d'Accolay,Accolaystraat,M
Rue d'Anethan,d'Anethanstraat,M
Rue Daniel Van Damme,Daniel Van Dammestraat,M
Rue Dante,Dantestraat,M
Rue Darwin,Darwinstraat,M
Rue Dautzenberg,Dautzenbergstraat,M
Rue David Van Bever,David Van Beverstraat,M
Rue de Bériot,De Bériotstraat,M
Rue de Bériot,de Bériotstraat,M
Rue de Beughem,Beughemstraat,F
Rue de Beughem,de Beughemstraat,F
Rue De Broyer,De Broyerstraat,M
Rue de Bruyn,de Bruynstraat,M
Rue de Ciplet,de Cipletstraat,F
Rue De Crayer,De Crayerstraat,M
Rue de Fiennes,de Fiennesstraat,M
Rue de Fierlant,de Fierlantstraat,M
Rue de Formanoir,de Formanoirstraat,M
Rue de Gerlache,de Gerlachestraat,M
Rue de Haerne,de Haernestraat,M
Rue de Hennin,de Henninstraat,M
Rue De Koninck,De Koninckstraat,M
Rue de la Madeleine,Magdalenasteenweg,F
Rue de la Madeleine,Magdalenastraat,F
Rue de l'Éclusier Cogge,Sluismeester Coggestraat,M
Rue De Lenglentier,De Lenglentierstraat,M
Rue de Liedekerke,de Liedekerkestraat,M
Rue de Ligne,de Lignestraat,M
Rue de Locht,de Lochtstraat,M
Rue de Moerkerke,de Moerkerkestraat,M
Rue De Mot,De Motstraat,M
Rue De Neck,De Neckstraat,M
Rue de Potter,de Potterstraat,M
Rue De Praetere,De Praeterestraat,M
Rue de Ribaucourt,de Ribaucourtstraat,M
Rue de Robiano,de Robianostraat,M
Rue de Sévigné,de Sévignéstraat,F
Rue de Stassart,de Stassartstraat,M
Rue de Theux,de Theuxstraat,M
Rue de Wansijn,de Wansijnstraat,M
Rue de Wautier,de Wautierstraat,M
Rue de Witte de Haelen,De Witte de Haelenstraat,M
Rue Decrée,Decréestraat,F
Rue Defacqz,Defacqzstraat,M
Rue d'Egmont,Egmontstraat,M
Rue Dejoncker,Dejonckerstraat,M
Rue Dejoncker,Dejonckerstraat,M
Rue Démosthène,Demosthenesstraat,M
Rue Denis Verdonck,Denis Verdonckstraat,M
Rue des Quatre Fils Aymon,Vierheemskinderenstraat,M
Rue Deschampheleer,Deschampheleerstraat,M
Rue Désiré Desmet,Désiré Desmetstraat,M
Rue Destouvelles,Destouvellesstraat,M
Rue Dethy,Dethystraat,M
Rue d'Hannetaire,d'Hannetairestraat,M
Rue d'Hoogvorst,d'Hoogvorststraat,M
Rue Dieudonné Lefèvre,Dieudonné Lefèvrestraat,M
Rue Dillens,Dillensstraat,M
Rue Docteur Charles Beudin,Dokter Charles Beudinstraat,M
Rue Docteur Charles Leemans,Dokter Charles Leemansstraat,M
Rue Docteur Dryepondt,Dokter Dryepondtstraat,M
Rue Docteur Elie Lambotte,Dokter Elie Lambottestraat,M
Rue Docteur Huet,Dokter Huetstraat,M
Rue Docteur Jacobs,Dokter Jacobsstraat,M
Rue Docteur Kuborn,Dokter Kubornstraat,M
Rue Docteur Roux,Dokter Rouxstraat,M
Rue Dodonée,Dodonéestraat,M
Rue Dominique De Jonghe,Dominique De Jonghestraat,M
Rue d'Ophem,Oppemstraat,M
Rue d'Oultremont,d'Oultremontstraat,M
Rue Doyen Adriaens,Deken Adriaensstraat,M
Rue Doyen Boone,Deken Boonestraat,M
Rue Doyen Fierens,Deken Fierensstraat,M
Rue du Cardinal,Kardinaalsstraat,M
Rue du Cardinal,Kardinaalstraat,M
Rue du Cardinal Mercier,Kardinaal Mercierstraat,M
Rue du Lieutenant Lotin,Luitenant Lotinstraat,M
Rue du Parc Elisabeth,Elisabethparkstraat,F
Rue du Prince Albert,Prins Albertstraat,M
Rue du Taciturne,Willem de Zwijgerstraat,M
Rue Dubois-Thorn,Dubois-Thornstraat,M
Rue Dumonceau,Dumonceaustraat,M
Rue Dupont,Dupontstraat,M
Rue Dupré,Dupréstraat,M
Rue Duquesnoy,Duquesnoystraat,M
Rue Duysburgh,Duysburghstraat,M
Rue Duysburgh,Duysburghstraat,M
Rue Edgar Degas,Edgar Degasstraat,M
Rue Edgar Tinel,Edgar Tinelstraat,M
Rue Edison,Edisonstraat,M
Rue Edith Cavell,Edith Cavellstraat,F
Rue Edmond Bonehill,Edmond Bonehillstraat,M
Rue Edmond de Grimberghe,Edmond de Grimberghestraat,M
Rue Edmond Delcourt,Edmond Delcourtstraat,M
Rue Edmond Picard,Edmond Picardstraat,M
Rue Edmond Picard,Edmond Picardstraat,M
Rue Edmond Rostand,Edmond Rostandstraat,M
Rue Edmond Tollenaere,Edmond Tollenaerestraat,M
Rue Edmond Van Cauwenbergh,Edmond Van Cauwenberghstraat,M
Rue Édouard Branly,Edouard Branlystraat,M
Rue Edouard De Grijse,Edouard De Grijsestraat,M
Rue Edouard Deknoop,Edward Deknoopstraat,M
Rue Edouard Dekoster,Edward Dekosterstraat,M
Rue Edouard Faes,Edouard Faesstraat,M
Rue Edouard Fiers,Edouard Fiersstraat,M
Rue Edouard Gersis,Edouard Gersisstraat,M
Rue Edouard Henrard,Edouard Henrardstraat,M
Rue Edouard Olivier,Edouard Olivierstraat,M
Rue Edouard Stuckens,Edward Stuckensstraat,M
Rue Edouard Stuckens,Edward Stuckensstraat,M
Rue Edouard Van Muylders,Edouard Van Muyldersstraat,M
Rue Eeckelaers,Eeckelaersstraat,M
Rue Egide Charles Bouvier,Egide Charles Bouvierstraat,M
Rue Égide Walschaerts,Égide Walschaertsstraat,M
Rue Egide Winteroy,Egide Winteroystraat,M
Rue Eliane Vogel-Polsky,Eliane Vogel-Polskystraat,F
Rue Élise,Elizastraat,F
Rue Elskamp,Elskampstraat,M
Rue Émile Banning,Émile Banningstraat,M
Rue Émile Bouilliot,Émile Bouilliotstraat,M
Rue Émile Carpentier,Emile Carpentierstraat,M
Rue Émile Claus,Émile Clausstraat,M
Rue Émile Delva,Émile Delvastraat,M
Rue Emile Deroover,Emile Derooverstraat,M
Rue Émile Feron,Émile Feronstraat,M
Rue Emile Hellebaut,Emile Hellebautstraat,M
Rue Emile Heylens,Emile Heylensstraat,M
Rue Emile Heylens,Emile Heylensstraat,M
Rue Émile Idiers,Émile Idiersstraat,M
Rue Émile Lecomte,Émile Lecomtestraat,M
Rue Emile Pathé,Emile Pathéstraat,M
Rue Emile Regard,Emile Regardstraat,M
Rue Emile Rotiers,Emile Rotiersstraat,M
Rue Emile Sergijsels,Emile Sergijselsstraat,M
Rue Emile Steeno,Emile Steenostraat,M
Rue Emile Versé,Emile Verséstraat,M
Rue Emile Wauters,Emile Wautersstraat,M
Rue Emile Wittmann,Emile Wittmannstraat,M
Rue Emmanuel Hiel,Emmanuel Hielstraat,M
Rue Emmanuel Mertens,Emmanuel Mertensstraat,M
Rue Emmanuel Van Driessche,Emmanuel Van Driesschestraat,M
Rue Erasme,Erasmusstraat,M
Rue Ernest Allard,Ernest Allardstraat,M
Rue Ernest Blerot,Ernest Blerotstraat,M
Rue Ernest Blerot,Ernest Blerotstraat,M
Rue Ernest Discailles,Ernest Discaillesstraat,M
Rue Ernest Gossart,Ernest Gossartstraat,M
Rue Ernest Havaux,Ernest Havauxstraat,M
Rue Ernest Laude,Ernest Laudestraat,M
Rue Ernest Salu,Ernest Salustraat,M
Rue Ernest Solvay,Ernest Solvaystraat,M
Rue Ernest Vander Aa,Ernest Vander Aastraat,M
Rue Eugène Cattoir,Eugène Cattoirstraat,M
Rue Eugène De Smet,Eugène De Smetstraat,M
Rue Eugène Degorge,Eugène Degorgestraat,M
Rue Eugène Denis,Eugène Denisstraat,M
Rue Eugène Hubert,Eugène Hubertstraat,M
Rue Eugène Hubert,Eugène Hubertstraat,M
Rue Eugène Laermans,Eugène Laermansstraat,M
Rue Eugène Smits,Eugène Smitsstraat,M
Rue Eugène Toussaint,Eugène Toussaintstraat,M
Rue Eugène Verheggen,Eugène Verheggenstraat,M
Rue Evariste Pierron,Evariste Pierronstraat,M
Rue Evers,Eversstraat,M
Rue F. Debelder,F. Debelderstraat,M
Rue Fabry,Fabrystraat,M
Rue Faider,Faiderstraat,M
Rue Faider,Faiderstraat,M
Rue Félicien Delince,Félicien Delincestraat,M
Rue Félicien Rops,Félicien Ropsstraat,M
Rue Félix Bovie,Félix Boviestraat,M
Rue Félix De Cuyper,Félix De Cuyperstraat,M
Rue Félix De Keuster,Félix De Keusterstraat,M
Rue Félix Delhasse,Félix Delhassestraat,M
Rue Félix Hap,Félix Hapstraat,M
Rue Félix Poels,Félix Poelstraat,M
Rue Félix Sterckx,Félix Sterckxstraat,M
Rue Félix Terlinden,Félix Terlindenstraat,M
Rue Félix Vande Sande,Félix Vande Sandestraat,M
Rue Félix Waefelaer,Félix Waefelaerstraat,M
Rue Fénelon,Fenelonstraat,M
Rue Ferdinand Craps,Ferdinand Crapsstraat,M
Rue Ferdinand Elbers,Ferdinand Elbersstraat,M
Rue Ferdinand Kinnen,Ferdinand Kinnenstraat,M
Rue Ferdinand Lenoir,Ferdinand Lenoirstraat,M
Rue Fernand Bernier,Fernand Bernierstraat,M
Rue Fernand Brunfaut,Fernand Brunfautstraat,M
Rue Fernand Léger,Fernand Légerstraat,M
Rue Fernand Mélard,Fernand Mélardstraat,M
Rue Fernand Neuray,Fernand Neuraystraat,M
Rue Fernand Pire,Fernand Pirestraat,M
Rue Fernand Séverin,Fernand Séverinstraat,M
Rue Fernande Volral,Fernande Volralstraat,F
Rue Fétis,Fétisstraat,M
Rue Fik Guidon,Fik Guidonstraat,M
Rue Fineau,Fineaustraat,M
Rue Firmin Martin,Firmin Martinstraat,M
Rue Florimond De Pauw,Florimond De Pauwstraat,M
Rue Floris,Florisstraat,M
Rue Fontainas,Fontainasstraat,M
Rue Fourmois,Fourmoisstraat,M
Rue Fraikin,Fraikinstraat,M
Rue Francart,Francartstraat,M
Rue Franciscus Vandevelde,Franciscus Vandeveldestraat,M
Rue François Beeckmans,François Beeckmansstraat,M
Rue François Bekaert,François Bekaertstraat,M
Rue François Bossaerts,François Bossaertsstraat,M
Rue François Couteaux,François Couteauxstraat,M
Rue François Debelder,François Debelderstraat,M
Rue François Degreef,François Degreefstraat,M
Rue François Delcoigne,François Delcoignestraat,M
Rue François Desmedt,François Desmedtstraat,M
Rue François Dons,François Donsstraat,M
Rue François Gay,François Gaystraat,M
Rue François Gérard,François Gérardstraat,M
Rue François Hellinckx,François Hellinckxstraat,M
Rue François Janssens,François Janssensstraat,M
Rue François Lesnino,François Lesninostraat,M
Rue François Mus,François Musstraat,M
Rue François Roffiaen,François Roffiaenstraat,M
Rue François Ruytinx,François Ruytinxstraat,M
Rue François Stroobant,François Stroobantstraat,M
Rue François Van Assche,Frans Van Asschestraat,M
Rue François Van Meulecom,François Van Meulecomstraat,M
Rue François Vander Elst,François Vander Elststraat,M
Rue François Vekemans,Frans Vekemansstraat,M
Rue François Vervloet,François Vervloetstraat,M
Rue François Ysewyn,François Ysewynstraat,M
Rue François-Joseph Navez,François-Joseph Navezstraat,M
Rue Franklin,Franklinstraat,M
Rue Frans Binjé,Frans Binjéstraat,M
Rue Frans Hals,Frans Halsstraat,M
Rue Frans Léon,Frans Léonstraat,M
Rue Frans Pepermans,Frans Pepermansstraat,M
Rue Frans Van Cutsem,Frans Van Cutsemstraat,M
Rue Frans Verdonck,Frans Verdonckstraat,M
Rue Frans Vervaeck,Frans Vervaeckstraat,M
Rue Fransman,Fransmanstraat,M
Rue Franz Gailliard,Franz Gailliardstraat,M
Rue Franz Merjay,Franz Merjaystraat,M
Rue Frédéric Basse,Frédéric Bassestraat,M
Rue Frédéric Mohrfeld,Frédéric Mohrfeldstraat,M
Rue Frédéric Pelletier,Frédéric Pelletierstraat,M
Rue Frémineur,Frémineurstraat,M
Rue Frère-Orban,Frère-Orbanstraat,M
Rue Fridtjof Nansen,Fridtjof Nansenstraat,M
Rue Fritz Toussaint,Fritz Toussaintstraat,M
Rue Froissart,Froissartstraat,M
Rue Fulton,Fultonstraat,M
Rue Gabrielle Petit,Gabrielle Petitstraat,F
Rue Gachard,Gachardstraat,M
Rue Gallait,Gallaitstraat,M
Rue Garibaldi,Garibaldistraat,M
Rue Gaston Biernaux,Gaston Biernauxstraat,M
Rue Gaston Coudyser,Gaston Coudyserstraat,M
Rue Gatti de Gamond,Gatti de Gamondstraat,F
Rue Gaucheret,Gaucheretstraat,M
Rue Geefs,Geefsstraat,M
Rue Gendebien,Gendebienstraat,M
Rue Général Biebuyck,Generaal Biebuyckstraat,M
Rue Général Capiaumont,Generaal Capiaumontstraat,M
Rue Général Eenens,Generaal Eenensstraat,M
Rue Général Fivé,Generaal Fivéstraat,M
Rue Général Gratry,Generaal Gratrystraat,M
Rue Général Henry,Generaal Henrystraat,M
Rue Général Leman,Generaal Lemanstraat,M
Rue Général Lotz,Generaal Lotzstraat,M
Rue Général Lotz,Generaal Lotzstraat,M
Rue Général Mac Arthur,Generaal Mac Arthurstraat,M
Rue Général Michel,Generaal Michelstraat,M
Rue Général Molitor,Generaal Molitorstraat,M
Rue Général Patton,Generaal Pattonstraat,M
Rue Général Ruquoy,Generaal Ruquoystraat,M
Rue Général Thys,Generaal Thysstraat,M
Rue Général Tombeur,Generaal Tombeurstraat,M
Rue Général Wangermée,Generaal Wangerméestraat,M
Rue Georges De Lombaerde,Georges De Lombaerdestraat,M
Rue Georges et Jacques Martin,Georges en Jacques Martinstraat,M
Rue Georges Huygens,Georges Huygensstraat,M
Rue Georges Leclercq,Georges Leclercqstraat,M
Rue Georges Lorand,Georges Lorandstraat,M
Rue Georges Matheus,Georges Matheusstraat,M
Rue Georges Moreau,Georges Moreaustraat,M
Rue Georges Raeymaekers,Georges Raeymaekersstraat,M
Rue Georges Remy,Georges Remystraat,M
Rue Georges Rency,Georges Rencystraat,M
Rue Georges Rosart,Georges Rosartstraat,M
Rue Georges Simpson,Georges Simpsonstraat,M
Rue Georges Ugeux,Georges Ugeuxstraat,M
Rue Gérard,Gérardstraat,M
Rue Gheude,Gheudestraat,M
Rue Gillebertus,Gillebertusstraat,M
Rue Gillon,Gillonstraat,M
Rue Gineste,Ginestestraat,M
Rue Gisbert Combaz,Gisbert Combazstraat,M
Rue Glibert,Glibertstraat,M
Rue Godecharle,Godecharlestraat,M
Rue Godefroid de Bouillon,Godfried van Bouillonstraat,M
Rue Godefroid Devreese,Godefroid Devreesestraat,M
Rue Godefroid Guffens,Godefroid Guffensstraat,M
Rue Godefroid Kurth,Godfroid Kurthstraat,M
Rue Goffart,Goffartstraat,M
Rue Goossens,Goossensstraat,M
Rue Gouverneur Nens,Gouverneur Nensstraat,M
Rue Gray,Graystraat,M
Rue Grégoire Leroy,Grégoire Leroystraat,M
Rue Grétry,Grétrystraat,M
Rue Grisar,Grisarstraat,M
Rue Guido Gezelle,Guido Gezellestraat,M
Rue Guillaume Beliën,Guillaume Beliënstraat,M
Rue Guillaume Dekelver,Guillaume Dekelverstraat,M
Rue Guillaume Demuylder,Guillaume Demuylderstraat,M
Rue Guillaume Kennis,Guillaume Kennisstraat,M
Rue Guillaume Lekeu,Guillaume Lekeustraat,M
Rue Guillaume Stocq,Guillaume Stocqstraat,M
Rue Guillaume Tell,Willem Tellstraat,M
Rue Guillaume Van Laethem,Guillaume Van Laethemstraat,M
Rue Guillaume Van Laethem,Willem Van Laethemstraat,M
Rue Guimard,Guimardstraat,M
Rue Gustaaf Vanden Berghe,Gustaaf Vanden Berghestraat,M
Rue Gustave Biot,Gustave Biotstraat,M
Rue Gustave Defnet,Gustave Defnetstraat,M
Rue Gustave Delathouwer,Gustave Delathouwerstraat,M
Rue Gustave Demanet,Gustave Demanetstraat,M
Rue Gustave Fuss,Gustave Fussstraat,M
Rue Gustave Gilson,Gustave Gilsonstraat,M
Rue Gustave Huberti,Gustave Hubertistraat,M
Rue Gustave Jean Leclercq,Gustave Jean Leclercqstraat,M
Rue Gustave Norga,Gustaaf Norgastraat,M
Rue Gustave Schildknecht,Gustave Schildknechtstraat,M
Rue Gustave Timmermans,Gustave Timmermansstraat,M
Rue Gustave Van Huynegem,Gustave Van Huynegemstraat,M
Rue Gustave-Jean Leclercq,Gustave-Jean Leclercqstraat,M
Rue Guy Mottard,Guy Mottardstraat,M
Rue Guy-Jean Verachtert,Guy-Jean Verachtertstraat,M
Rue Haeck,Haeckstraat,M
Rue Hancart,Hancartstraat,M
Rue Hector Denis,Hector Denisstraat,M
Rue Hector Genard,Hector Genardstraat,M
Rue Héger-Bordet,Héger-Bordetstraat,M
Rue Helene Rijkmans,Helene Rijkmansstraat,F
Rue Hélène Ryckmans,Hélène Ryckmansstraat,F
Rue Henri Bergé,Henri Bergéstraat,M
Rue Henri Caron,Henri Caronstraat,M
Rue Henri Chomé,Henri Choméstraat,M
Rue Henri de Braeckeleer,Henri de Braeckeleerstraat,M
Rue Henri De Saegher,Henri De Saegherstraat,M
Rue Henri Deleers,Henri Deleersstraat,M
Rue Henri Deraedt,Henri Deraedtstraat,M
Rue Henri Evenepoel,Henri Evenepoelstraat,M
Rue Henri Huybreghts,Henri Huybreghtsstraat,M
Rue Henri Jacobs,Henri Jacobsstraat,M
Rue Henri Maes,Henri Maesstraat,M
Rue Henri Marichal,Henri Marichalstraat,M
Rue Henri Maubel,Henri Maubelstraat,M
Rue Henri Maus,Henri Mausstraat,M
Rue Henri Meuwis,Henri Meuwisstraat,M
Rue Henri Nogent,Henri Nogentstraat,M
Rue Henri Simons,Henri Simonsstraat,M
Rue Henri Stacquet,Henri Stacquetstraat,M
Rue Henri Van Antwerpen,Henri Van Antwerpenstraat,M
Rue Henri Van Bortonne,Henri Van Bortonnestraat,M
Rue Henri Van Hamme,Hendrik Van Hammestraat,M
Rue Henri Van Nerom,Hendrik Van Neromstraat,M
Rue Henri Van Zuylen,Henri Van Zuylenstraat,M
Rue Henri Vandermaelen,Henri Vandermaelenstraat,M
Rue Henri Vandersaenen,Henri Vandersaenenstraat,M
Rue Henri Ver Eycken,Henri Ver Eyckenstraat,M
Rue Henri Vieuxtemps,Henri Vieuxtempsstraat,M
Rue Henri Wafelaerts,Henri Wafelaertsstraat,M
Rue Henri Werrie,Henri Werriestraat,M
Rue Henri-François Moreels,Henri-François Moreelsstraat,M
Rue Henri-Joseph Genesse,Henri-Joseph Genessestraat,M
Rue Henrotte,Henrottelaan,M
Rue Henrotte,Henrottestraat,M
Rue Henry Villard,Henry Villardstraat,M
Rue Herman,Hermanstraat,M
Rue Herman Richir,Herman Richirstraat,M
Rue Heyvaert,Heyvaertstraat,M
Rue Heyvaert,Heyvaertstraat,M
Rue Hobbema,Hobbemastraat,M
Rue Hobbema,Hobbemastraat,M
Rue Homère,Homerusstraat,M
Rue Homère,Homerusstraat,M
Rue Honoré Longtin,Honoré Longtinstraat,M
Rue Hoorickx,Hoorickxstraat,M
Rue Horace,Horatiusstraat,M
Rue Houzeau de Lehaie,Houzeau de Lehaiestraat,M
Rue Hubert Blauwet,Hubert Blauwetstraat,M
Rue Hubert Heymans,Hubert Heymansstraat,M
Rue Hubert Krains,Hubert Krainsstraat,M
Rue Hubert Stiernet,Hubert Stiernetstraat,M
Rue Hubert Van Eepoel,Hubert Van Eepoelstraat,M
Rue Hubert Van Hoorde,Hubert Van Hoordestraat,M
Rue Hubert-Jean Coenen,Hubert-Jean Coenenstraat,M
Rue Hugo Verriest,Hugo Verrieststraat,M
Rue Isidoor Teirlinck,Isidoor Teirlinckstraat,M
Rue Isidore Verheyden,Isidore Verheydenstraat,M
Rue Iwan Gilkin,Iwan Gilkinstraat,M
Rue J. B. Moyens,J. B. Moyensstraat,M
Rue J.B. Lepage,J.B. Lepagestraat,M
Rue Jacobs Fontaine,Jacobs Fontainestraat,M
Rue Jacobs-Fontaine,Jacobs-Fontainestraat,M
Rue Jacques Ballings,Jaak Ballingsstraat,M
Rue Jacques Bassem,Jacques Bassemstraat,M
Rue Jacques Boon,Jacques Boonstraat,M
Rue Jacques de Lalaing,Jacques de Lalaingstraat,M
Rue Jacques Hoton,Jacques Hotonstraat,M
Rue Jacques Houtmeyers,Jaak Houtmeyersstraat,M
Rue Jacques Jansen,Jacques Jansenstraat,M
Rue Jacques Jordaens,Jakob Jordaensstraat,M
Rue Jacques Manne,Jacques Mannestraat,M
Rue Jacques Rayé,Jacques Rayéstraat,M
Rue Jacques Vandervleet,Jacques Vandervleetstraat,M
Rue Jakob Smits,Jakob Smitsstraat,M
Rue James Cook,James Cookstraat,M
Rue James Ensor,James Ensorstraat,M
Rue James Watt,James Watt straat,M
Rue Jan Blockx,Jan Blockxstraat,M
Rue Jan Bollen,Jan Bollenstraat,M
Rue Jan Frans De Craen,Jan Frans De Craenstraat,M
Rue Jan Van Ruusbroeck,Jan Van Ruusbroeckstraat,M
Rue Jan Verbesselt,Jan Verbesseltstraat,M
Rue Jean Ballegeer,Jean Ballegeerstraat,M
Rue Jean Baptiste François Denys,Jean Baptiste François Denysstraat,M
Rue Jean Baudoux,Jean Baudouxstraat,M
Rue Jean Benaets,Jean Benaetsstraat,M
Rue Jean Chapelié,Jean Chapeliéstraat,M
Rue Jean d'Ardenne,Jean d'Ardennestraat,M
Rue Jean d'Ardenne,Jean d'Ardennestraat,M
Rue Jean de Brouchoven de Bergeyck,Jean de Brouchoven de Bergeyckstraat,M
Rue Jean De Greef,Jean De Greefstraat,M
Rue Jean Deraeck,Jean Deraeckstraat,M
Rue Jean Deraeck,Jean Deraeckstraat,M
Rue Jean d'Osta,Jean d'Ostastraat,M
Rue Jean d'Osta,Jean d'Ostastraat,M
Rue Jean Ekelmans,Jean Ekelmansstraat,M
Rue Jean Gérard Eggericx,Jean Gérard Eggericxstraat,M
Rue Jean Gérard Eggericx,Jean Gérard Eggericxstraat,M
Rue Jean Heymans,Jean Heymansstraat,M
Rue Jean Jacquet,Jean Jacquetstraat,M
Rue Jean Jacquet,Jean Jacquetstraat,M
Rue Jean Lagey,Jean Lageystraat,M
Rue Jean Lambotte,Jean Lambottestraat,M
Rue Jean Laumans,Jean Laumansstraat,M
Rue Jean Massart,Jean Massartstraat,M
Rue Jean Morjau,Jean Morjaustraat,M
Rue Jean Noté,Jean Notéstraat,M
Rue Jean Paquot,Jean Paquotstraat,M
Rue Jean Preckher,Jean Preckherstraat,M
Rue Jean Robie,Jean Robiestraat,M
Rue Jean Stas,Jean Stasstraat,M
Rue Jean Tiebackx,Jan Tiebackxstraat,M
Rue Jean Van Volsem,Jean Van Volsemstraat,M
Rue Jean Vandeuren,Jean Vandeurenstraat,M
Rue Jean Verbiest,Jean Verbieststraat,M
Rue Jean Wellens,Jean Wellensstraat,M
Rue Jean-Baptiste Baeck,Jean-Baptiste Baeckstraat,M
Rue Jean-Baptiste Bauwens,Jan-Baptist Bauwensstraat,M
Rue Jean-Baptiste Brems,Jean-Baptiste Bremsstraat,M
Rue Jean-Baptiste Colyns,Jean-Baptiste Colynsstraat,M
Rue Jean-Baptiste Decock,Jean-Baptiste Decockstraat,M
Rue Jean-Baptiste Desmeth,Jan-Baptist Desmethstraat,M
Rue Jean-Baptiste Dumoulin,Jean-Baptiste Dumoulinstraat,M
Rue Jean-Baptiste Janssen,Jean-Baptiste Janssenstraat,M
Rue Jean-Baptiste Labarre,Jean-Baptiste Labarrestraat,M
Rue Jean-Baptiste Lepage,Jean-Baptiste Lepagestraat,M
Rue Jean-Baptiste Meunier,Jean-Baptiste Meunierstraat,M
Rue Jean-Baptiste Mosselmans,Jan-Baptist Mosselmansstraat,M
Rue Jean-Baptiste Serkeyn,Jean-Baptiste Serkeynstraat,M
Rue Jean-Baptiste Timmermans,Jean-Baptiste Timmermansstraat,M
Rue Jean-Baptiste Van Pagé,Jean-Baptiste Van Pagéstraat,M
Rue Jean-Baptiste Vandendriesch,Jean Baptiste Vandendrieschstraat,M
Rue Jean-Baptiste Vandercammen,Jean-Baptiste Vandercammenstraat,M
Rue Jean-Baptiste Vannypen,Jean-Baptiste Vannypenstraat,M
Rue Jean-Baptiste Vanpé,Jean-Baptiste Vanpéstraat,M
Rue Jean-Baptiste Verbeyst,Jean-Baptiste Verbeyststraat,M
Rue Jean-Baptiste Verheyden,Jean-Baptiste Verheydenstraat,M
Rue Jef Devos,Jef Devosstraat,M
Rue Jenatzy,Jenatzystraat,M
Rue Jennart,Jennartstraat,M
Rue Jenner,Jennerstraat,M
Rue Jenneval,Jennevalstraat,M
Rue John Waterloo Wilson,John Waterloo Wilsonstraat,M
Rue Jolly,Jollystraat,M
Rue Jonniaux,Jonniauxstraat,M
Rue Jorez,Jorezstraat,M
Rue Joseph Aernaut,Joseph Aernautstraat,M
Rue Joseph Bens,Joseph Bensstraat,M
Rue Joseph Bens,Joseph Bensstraat,M
Rue Joseph Brand,Joseph Brandstraat,M
Rue Joseph Buedts,Joseph Buedtsstraat,M
Rue Joseph Claes,Joseph Claesstraat,M
Rue Joseph Coosemans,Joseph Coosemansstraat,M
Rue Joseph Cuylits,Joseph Cuylitsstraat,M
Rue Joseph Dekeyn,Joseph Dekeynstraat,M
Rue Joseph Delhaye,Joseph Delhayestraat,M
Rue Joseph Diongre,Joseph Diongrestraat,M
Rue Joseph Druez,Joseph Druezstraat,M
Rue Joseph Dujardin,Joseph Dujardinstraat,M
Rue Joseph Dupont,Joseph Dupontstraat,M
Rue Joseph Genot,Joseph Genotstraat,M
Rue Joseph Genot,Joseph Genotstraat,M
Rue Joseph Genot,Joseph Genotstraat,M
Rue Joseph Genot,Joseph Genotstraat,M
Rue Joseph Hazard,Joseph Hazardstraat,M
Rue Joseph II,Jozef II-straat,M
Rue Joseph Jacquet,Joseph Jacquetstraat,M
Rue Joseph Kelchtermans,Joseph Kelchtermansstraat,M
Rue Joseph Loossens,Joseph Loossensstraat,M
Rue Joseph Mertens,Joseph Mertensstraat,M
Rue Joseph Pavez,Joseph Pavezstraat,M
Rue Joseph Plateau,Josef Plateaustraat,M
Rue Joseph Schols,Joseph Scholsstraat,M
Rue Joseph Schuermans,Joseph Schuermansstraat,M
Rue Joseph Stallaert,Joseph Stallaertstraat,M
Rue Joseph Stallaert,Joseph Stallaertstraat,M
Rue Joseph Stevens,Joseph Stevensstraat,M
Rue Joseph Van Boterdael,Joseph Van Boterdaelstraat,M
Rue Joseph Van Camp,Joseph Van Campstraat,M
Rue Joseph Vanderlinden,Joseph Vanderlindenstraat,M
Rue Joseph Verhasselt,Joseph Verhasseltstraat,M
Rue Joseph Verhasselt,Joseph Verhasseltstraat,M
Rue Joseph Wauters,Joseph Wautersstraat,M
Rue Joseph Wauters,Joseph Wautersstraat,M
Rue Josse De Boeck,Josse De Boeckstraat,M
Rue Josse Impens,Josse Impensstraat,M
Rue Jourdan,Jourdanstraat,M
Rue Jul Merckaert,Jul Merckaertstraat,M
Rue Jules Besme,Jules Besmestraat,M
Rue Jules Besme,Jules Besmestraat,M
Rue Jules Bouillon,Jules Bouillonstraat,M
Rue Jules Broeren,Jules Broerenstraat,M
Rue Jules Cockx,Jules Cockxstraat,M
Rue Jules Debecker,Jules Debeckerstraat,M
Rue Jules Delhaize,Jules Delhaizestraat,M
Rue Jules Destrée,Jules Destréestraat,M
Rue Jules Emile Raymond,Jules Emile Raymondstraat,M
Rue Jules Francqui,Jules Francquistraat,M
Rue Jules Francqui,Jules Francquistraat,M
Rue Jules Lahaye,Jules Lahayestraat,M
Rue Jules Lebrun,Jules Lebrunstraat,M
Rue Jules Lejeune,Jules Lejeunestraat,M
Rue Jules Lejeune,Jules Lejeunestraat,M
Rue Jules Ruhl,Jules Ruhlstraat,M
Rue Jules Van Praet,Jules van Praetstraat,M
Rue Jules Vieujant,Jules Vieujantstraat,M
Rue Julien Vermeersch,Julien Vermeerschstraat,M
Rue Juliette Wytsman,Juliette Wytsmanstraat,F
Rue Julius Hoste,Julius Hostestraat,M
Rue Karel Mertens,Karel Mertensstraat,M
Rue Karel Vande Woestijne,Karel Vande Woestijnestraat,M
Rue Kerckx,Kerckxstraat,M
Rue Kessels,Kesselsstraat,M
Rue Ketels,Ketelsstraat,M
Rue Kindermans,Kindermansstraat,M
Rue Kindermans,Kindermansstraat,M
Rue Kinet,Kinetstraat,M
Rue Knapen,Knapenstraat,M
Rue Lacaille,Lacaillestraat,M
Rue Lamartine,Lamartinestraat,M
Rue Lambert Crickx,Lambert Crickxstraat,M
Rue Lambert Vandervelde,Lambert Vanderveldestraat,M
Rue Laneau,Laneaustraat,M
Rue Lanfray,Lanfraystraat,M
Rue Lannoy,Lannoystraat,M
Rue Laurent Heirbaut,Laurent Heirbautstraat,M
Rue Laurent Heirbaut,Laurent Heirbautstraat,M
Rue Laurent Vandenhoven,Laurent Vandenhovenstraat,M
Rue Laurent Vandenhoven,Laurent Vandenhovenstraat,M
Rue Le Corrège,Correggiostraat,M
Rue Le Corrège,Corregiostraat,M
Rue Le Lorrain,Le Lorrainstraat,M
Rue Le Tintoret,Tintorettostraat,M
Rue Le Titien,Titiaanstraat,M
Rue Lebeau,Lebeaustraat,M
Rue Ledeganck,Ledeganckstraat,M
Rue Ledeganck,Ledeganckstraat,M
Rue Ledeganck,Ledeganckstraat,M
Rue Ledeganck,Ledeganckstraat,M
Rue Lefrancq,Lefrancqstraat,M
Rue Lens,Lensstraat,M
Rue Lens,Lensstraat,M
Rue Léon Autrique,Léon Autriquestraat,M
Rue Léon Cuissez,Léon Cuissezstraat,M
Rue Léon Daumerie,Léon Daumeriestraat,M
Rue Léon de Lantsheere,Léon de Lantsheerestraat,M
Rue Léon Defosset,Léon Defossetstraat,M
Rue Léon Delacroix,Léon Delacroixstraat,M
Rue Léon Delacroix,Léon Delacroixstraat,M
Rue Léon Delacroix,Léon Delacroixstraat,M
Rue Léon Delacroix,Léon Delacroixstraat,M
Rue Léon Dopéré,Léon Dopéréstraat,M
Rue Léon Fourez,Léon Fourezstraat,M
Rue Léon Fourez,Léon Fourezstraat,M
Rue Léon Frédéric,Léon Frédéricstraat,M
Rue Léon Jouret,Léon Jouretstraat,M
Rue Léon Lepage,Léon Lepagestraat,M
Rue Léon Matheys,Léon Matheysstraat,M
Rue Léon Mignon,Léon Mignonstraat,M
Rue Léon Nicodème,Léon Nicodèmestraat,M
Rue Léon Savoir,Léon Savoirstraat,M
Rue Léon Scampart,Léon Scampartstraat,M
Rue Léon Theodor,Léon Theodorstraat,M
Rue Léon Vande Woesteyne,Léon Vande Woesteynestraat,M
Rue Léon XIII,Leo XIII-straat,M
Rue Léonard de Vinci,Leonardo da Vincistraat,M
Rue Léopold Courouble,Léopold Couroublestraat,M
Rue Léopold De Swaef,Léopold De Swaefstraat,M
Rue Léopold Delbove,Léopold Delbovestraat,M
Rue Léopold Demesmaeker,Léopold Demesmaekerstraat,M
Rue Léopold I,Leopold I straat,M
Rue Léopold I,Leopold I straat,M
Rue Léopold I,Leopold I-straat,M
Rue Léopold Lenders,Léopold Lendersstraat,M
Rue Léopold Peret,Leopold Peretstraat,M
Rue Léopold Procureur,Léopold Procureurstraat,M
Rue Leopold Rom,Leopold Romstraat,M
Rue Léopold Van Asbroeck,Léopold Van Asbroeckstraat,M
Rue Lesbroussart,Lesbroussartstraat,M
Rue Lesbroussart,Lesbroussartstraat,M
Rue Leys,Leysstraat,M
Rue Leys,Leystraat,M
Rue Leys,Leystraat,M
Rue Leys,Leystraat,M
Rue Liedts,Liedtsstraat,M
Rue Lieutenant Freddy Wampach,Luitenant Freddy Wampachstraat,M
Rue Lieutenant Jérôme Becker,Luitenant Jérôme Beckerstraat,M
Rue Lieutenant Liedel,Luitenant Liedelstraat,M
Rue Lieutenant Lippens,Luitenant Lippensstraat,M
Rue Liévin Verstraeten,Liévin Verstraetenstraat,M
Rue Liévin Verstraeten,Liévin Verstraetenstraat,M
Rue Limauge,Limaugestraat,M
Rue Limnander,Limnanderstraat,M
Rue Lincoln,Lincolnstraat,M
Rue Lincoln,Lincolnstraat,M
Rue Linné,Linnéstraat,M
Rue Linné,Linnéstraat,M
Rue Linné,Linnéstraat,M
Rue Linné,Linnéstraat,M
Rue Locquenghien,Locquenghienstraat,M
Rue Lodewijk Van Boeckel,Lodewijk Van Boeckelstraat,M
Rue Lola Bobesco,Lola Bobescostraat,F
Rue L'Olivier,L'Olivierstraat,M
Rue Louis Braille,Louis Braillestraat,M
Rue Louis Coenen,Louis Coenenstraat,M
Rue Louis Corhay,Louis Corhaystraat,M
Rue Louis De Gunst,Louis De Gunststraat,M
Rue Louis De Smet,Louis De Smetstraat,M
Rue Louis Delhove,Louis Delhovestraat,M
Rue Louis Ernotte,Louis Ernottestraat,M
Rue Louis Ernotte,Louis Ernottestraat,M
Rue Louis Hap,Louis Hapstraat,M
Rue Louis Hymans,Louis Hymansstraat,M
Rue Louis Isidore Lamey,Louis Isidore Lameystraat,M
Rue Louis Jasmin,Louis Jasminstraat,M
Rue Louis Lumière,Louis Lumièrestraat,M
Rue Louis Marcx,Louis Marcxstraat,M
Rue Louis Mascré,Louis Mascréstraat,M
Rue Louis Scutenaire,Louis Scutenairestraat,M
Rue Louis Socquet,Louis Socquetstraat,M
Rue Louis Thys,Louis Thysstraat,M
Rue Louis Thys,Louis Thysstraat,M
Rue Louis Titeca,Louis Titecastraat,M
Rue Louis Titz,Louis Titzstraat,M
Rue Louis van Beethoven,Louis van Beethovenstraat,M
Rue Louis Wittouck,Louis Wittouckstraat,M
Rue Luther,Lutherstraat,M
Rue M. L. Uytroever,M. L. Uytroeverstraat,M
Rue Madyol,Madyolstraat,M
Rue Maes,Maesstraat,M
Rue Major Brück,Majoor Brückstraat,M
Rue Major Pétillon,Majoor Pétillonstraat,M
Rue Major René Dubreucq,Majoor René Dubreucqstraat,M
Rue Marcel Betbèze,Marcel Betbèzestraat,M
Rue Marcel Buts,Marcel Butsstraat,M
Rue Marcel Grüner,Marcel Grünerstraat,M
Rue Marcel Mariën,Marcel Mariënstraat,M
Rue Marconi,Marconistraat,M
Rue Marcq,Marcqstraat,M
Rue Marguerite Bervoets,Marguerite Bervoetsstraat,F
Rue Marguerite Van de Wiele,Marguerite Van de Wielestraat,F
Rue Maria Malibran,Maria Malibranstraat,F
Rue Maria Tillmans,Maria Tillmansstraat,F
Rue Marianne,Mariannestraat,F
Rue Marie de Bourgogne,Maria van Bourgondiëstraat,F
Rue Marie de Bourgogne,Maria van Bourgondiëstraat,F
Rue Marie de Bourgogne,Maria van Bourgondiëstraat,F
Rue Marie de Bourgogne,Maria van Bourgondiëstraat,F
Rue Marie Depage,Marie Depagestraat,F
Rue Marie Popelin,Marie Popelinstraat,F
Rue Marie-Christine,Maria-Christinastraat,F
Rue Marie-Henriette,Maria-Hendrikastraat,F
Rue Marie-Thérèse,Maria-Louizasquare,F
Rue Marie-Thérèse,Maria-Louizasquare,F
Rue Marie-Thérèse,Maria-Theresiastraat,F
Rue Marie-Thérèse,Maria-Theresiastraat,F
Rue Marlène Dietrich,Marlène Dietrichstraat,F
Rue Martin Lindekens,Martin Lindekensstraat,M
Rue Martin Pfeiffer,Martin Pfeifferstraat,M
Rue Martin V,Martinus V-straat,M
Rue Martin Van Lier,Martin Van Lierstraat,M
Rue Massaux,Massauxstraat,M
Rue Masui,Masuistraat,M
Rue Masui,Masuistraat,M
Rue Masui,Masuistraat,M
Rue Masui,Masuistraat,M
Rue Masui Prolongée,Verlengde Masuistraat,M
Rue Masui Prolongée,Verlengde Masuistraat,M
Rue Mathieu Buntincx,Mathieu Buntincxstraat,M
Rue Mathieu Desmaré,Mathieu Desmaréstraat,M
Rue Mathieu Pauwels,Mathieu Pauwelsstraat,M
Rue Maurice Albert Raskin,Maurice Albert Raskinstraat,M
Rue Maurice Charlent,Maurice Charlentstraat,M
Rue Maurice De Moor,Maurice De Moorstraat,M
Rue Maurice Des Ombiaux,Maurice Des Ombiauxstraat,M
Rue Maurice des Ombiaux,Maurice des Ombiauxstraat,M
Rue Maurice Liétart,Maurice Liétartstraat,M
Rue Maurice Liétart,Maurice Liétartstraat,M
Rue Maurice Poedts,Maurice Poedtsstraat,M
Rue Maurice Utrillo,Maurice Utrillostraat,M
Rue Maurice Van Rolleghem,Maurice Van Rolleghemstraat,M
Rue Maurice Wilmotte,Maurice Wilmottestraat,M
Rue Maurice Xhoneux,Maurice Xhoneuxstraat,M
Rue Max Roos,Max Roosstraat,M
Rue Max Waller,Max Wallerstraat,M
Rue Medaets,Medaetsstraat,M
Rue Medaets,Medaetsstraat,M
Rue Médori,Médoristraat,F
Rue Mellery,Mellerystraat,M
Rue Melsens,Melsensstraat,M
Rue Memling,Memlingstraat,M
Rue Mercator,Mercatorstraat,M
Rue Mercelis,Mercelisstraat,F
Rue Metsys,Metsysstraat,M
Rue Meyerbeer,Meyerbeerstraat,M
Rue Meyerbeer,Meyerbeerstraat,M
Rue Meyers-Henneau,Meyers-Henneaustraat,M
Rue Michel Van Nieuwenborgh,Michel Van Nieuwenborghstraat,M
Rue Michel Zwaab,Michel Zwaabstraat,M
Rue Mignot Delstanche,Mignot Delstanchestraat,M
Rue Mignot Delstanche,Mignot Delstanchestraat,M
Rue Mode Vliebergh,Mode Vlieberghstraat,M
Rue Mommaerts,Mommaertsstraat,M
Rue Montoyer,Montoyerstraat,M
Rue Montoyer,Montoyerstraat,M
Rue Montoyer,Montoyerstraat,M
Rue Moretus,Moretusstraat,M
Rue Moris,Morisstraat,M
Rue Murillo,Murillostraat,M
Rue Musin,Musinstraat,M
Rue Nestor De Tière,Nestor De Tièrestraat,M
Rue Nestor Martin,Nestor Martinstraat,M
Rue Nestor Martin,Nestor Martinstraat,M
Rue Nestor Martin,Nestor Martinstraat,M
Rue Nestor Martin,Nestor Martinstraat,M
Rue Newton,Newtonstraat,M
Rue Nicolas Defrêcheux,Nicolas Defrêcheuxstraat,M
Rue Nicolas Doyen,Nicolas Doyenstraat,M
Rue Nicolas Doyen,Nicolas Doyenstraat,M
Rue Nicolay,Nicolaystraat,M
Rue Niellon,Niellonstraat,M
Rue Nothomb,Nothombstraat,M
Rue Omer Lepreux,Omer Lepreuxstraat,M
Rue Ortélius,Orteliusstraat,M
Rue Oscar Maesschalck,Oscar Maesschalckstraat,M
Rue Otlet,Otletstraat,M
Rue Pangaert,Pangaertstraat,M
Rue Papenkasteel,Papenkasteelstraat,M
Rue Pasteur,Pasteurstraat,M
Rue Paul Bossu,Paul Bossustraat,M
Rue Paul Devaux,Paul Devauxstraat,M
Rue Paul Devigne,Paul Devignestraat,M
Rue Paul Émile Janson,Paul Émile Jansonstraat,M
Rue Paul Emile Lessire,Paul Emile Lessirestraat,M
Rue Paul Gauguin,Paul Gauguinstraat,M
Rue Paul Hankar,Paul Hankarstraat,M
Rue Paul Hymans,Paul Hymansstraat,M
Rue Paul Janson,Paul Jansonstraat,M
Rue Paul Lancsweert,Paul Lancsweertstraat,M
Rue Paul Lauters,Paul Lautersstraat,M
Rue Paul Leduc,Paul Leducstraat,M
Rue Paul Michiels,Paul Michielsstraat,M
Rue Paul Segers,Paul Segersstraat,M
Rue Paul Spaak,Paul Spaakstraat,M
Rue Paul Wemaere,Paul Wemaerestraat,M
Rue Père Damien,Pater Damiaanstraat,M
Rue Père de Deken,Pater de Dekenstraat,M
Rue Père Eudore Devroye,Pater Eudore Devroyestraat,M
Rue Père Eudore Devroye,Pater Eudore Devroyestraat,M
Rue Peter Benoit,Peter Benoitstraat,M
Rue Philippe Baucq,Philippe Baucqstraat,M
Rue Philippe de Champagne,Philippe de Champagnestraat,M
Rue Philippe Dewolfs,Philippe Dewolfsstraat,M
Rue Philippe le Bon,Filips de Goedestraat,M
Rue Philippe Piermez,Philippe Piermezstraat,M
Rue Philippe Vander Elst,Filip Vander Elststraat,M
Rue Pierre Alderson,Pieter Aldersonstraat,M
Rue Pierre Alderson,Pieter Aldersonstraat,M
Rue Pierre Biddaer,Pierre Biddaerstraat,M
Rue Pierre De Breuker,Pierre De Breukerstraat,M
Rue Pierre De Cock,Pierre De Cockstraat,M
Rue Pierre de Puysselaer,Pierre de Puysselaerstraat,M
Rue Pierre Decoster,Pierre Decosterstraat,M
Rue Pierre Delacroix,Pierre Delacroixstraat,M
Rue Pierre Dupont,Pierre Dupontstraat,M
Rue Pierre Gassée,Pierre Gasséestraat,M
Rue Pierre Géruzet,Pierre Géruzetstraat,M
Rue Pierre Hap Lemaître,Pierre Hap Lemaîtrestraat,M
Rue Pierre Longin,Pierre Longinstraat,M
Rue Pierre Marchant,Pierre Marchantstraat,M
Rue Pierre Mattheussens,Pieter Mattheussensstraat,M
Rue Pierre Schlosser,Pierre Schlosserstraat,M
Rue Pierre Schoonejans,Pierre Schoonejansstraat,M
Rue Pierre Strauwen,Pierre Strauwenstraat,M
Rue Pierre Theunis,Pierre Theunisstraat,M
Rue Pierre Timmermans,Pierre Timmermansstraat,M
Rue Pierre Van Humbeek,Pierre Van Humbeekstraat,M
Rue Pierre Van Obberghen,Pieter Van Obberghenstraat,M
Rue Pierre Van Reymenant,Pierre Van Reymenantstraat,M
Rue Pierre Vandevoorde,Pierre Vandevoordestraat,M
Rue Pierre Vereman,Pierre Veremanstraat,M
Rue Pierre Verschelden,Pierre Verscheldenstraat,M
Rue Pierre-J. Demessemaeker,Pierre-J. Demessemaekerstraat,M
Rue Pierre-Victor Jacobs,Pierre-Victor Jacobsstraat,M
Rue Piers,Piersstraat,M
Rue Plantin,Plantinstraat,M
Rue Pletinckx,Pletinckxstraat,M
Rue Pol Stoppelaere,Pol Stoppelaerestraat,M
Rue Polydore Moerman,Polydore Moermanstraat,M
Rue Portaels,Portaelsstraat,M
Rue Prévinaire,Prévinairestraat,M
Rue Prince Baudouin,Prins Boudewijnstraat,M
Rue Princesse Clémentine,Prinses Clementinastraat,F
Rue Professeur Hendrickx,Professor Hendrickxstraat,M
Rue Professeur Hustin,Professor Hustinstraat,M
Rue Prosper Henri Devos,Prosper Henri Devosstraat,M
Rue Prosper Matthys,Prosper Matthysstraat,M
Rue Prosper Préser,Prosper Préserstraat,M
Rue Puccini,Puccinistraat,M
Rue Quinaux,Quinauxstraat,M
Rue Rabelais,Rabelaisstraat,M
Rue Raphaël,Raphaëlstraat,M
Rue Rasson,Rassonstraat,M
Rue Ravenstein,Ravensteinstraat,M
Rue Raymond Ebrant,Raymond Ebrantstraat,M
Rue Reimond Stijns,Reimond Stijnsstraat,M
Rue Rembrandt,Rembrandtstraat,M
Rue Remi Fraeyman,Remi Fraeymanstraat,M
Rue Remy Soetens,Remy Soetensstraat,M
Rue René Christiaens,René Christiaensstraat,M
Rue René Declercq,René Declercqstraat,M
Rue René Devillers,René Devillersstraat,M
Rue René Henry,René Henrystraat,M
Rue René Magritte,René Magrittestraat,M
Rue René Reniers,René Reniersstraat,M
Rue Renier Chalon,Renier Chalonstraat,M
Rue Renkin,Renkinstraat,M
Rue Révérend Père Pire,Eerwaarde Pater Pirestraat,M
Rue Richard Braibant,Richard Braibantstraat,M
Rue Richard Kips,Richard Kips straat,M
Rue Richard Vandevelde,Richard Vandeveldestraat,M
Rue Robert Bosch,Robert Boschstraat,M
Rue Robert Buyck,Robert Buyckstraat,M
Rue Robert Scott,Robert Scottstraat,M
Rue Robert Thoreau,Robert Thoreaustraat,M
Rue Robert Willame,Robert Willamestraat,M
Rue Roberts Jones,Roberts Jonesstraat,M
Rue Rodenbach,Rodenbachstraat,M
Rue Roelandts,Roelandtsstraat,M
Rue Roger Abeels,Roger Abeelsstraat,M
Rue Roger van der Weyden,Rogier van der Weydenstraat,M
Rue Rogier,Rogierstraat,M
Rue Romanie Van Dyck,Romanie Van Dyckstraat,F
Rue Ronsard,Ronsardstraat,M
Rue Ropsy Chaudron,Ropsy Chaudronstraat,M
Rue Rosalie Uyttenhove,Rosalie Uyttenhovestraat,F
Rue Rosendael,Rosendaelstraat,M
Rue Rossini,Rossinistraat,M
Rue Rouen-Bovie,Rouen-Boviestraat,M
Rue Rouppe,Rouppestraat,M
Rue Royale-Sainte-Marie,Koninklijke Sinte-Mariastraat,F
Rue Rubens,Rubensstraat,M
Rue Ruysdael,Ruysdaelstraat,M
Rue Saint Guidon,Sint-Guidostraat,M
Rue Saint-Alphonse,Sint-Alfonsstraat,M
Rue Saint-André,Sint-Andriesstraat,M
Rue Saint-Bernard,Sint-Bernardusstraat,M
Rue Saint-Christophe,Sint-Kristoffelsstraat,M
Rue Saint-Denis,Sint-Denijsstraat,M
Rue Sainte-Anne,Sint-Annastraat,F
Rue Sainte-Catherine,Sint-Katelijnestraat,F
Rue Sainte-Elisabeth,Sint-Elisabethstraat,F
Rue Sainte-Gertrude,Sint-Geertruidestraat,F
Rue Sainte-Marie,Sint-Mariastraat,F
Rue Sainte-Thérèse,Sint-Theresiastraat,F
Rue Saint-François,Sint-Franciscusstraat,M
Rue Saint-Georges,Sint-Jorisstraat,M
Rue Saint-Géry,Sint-Goriksstraat,M
Rue Saint-Ghislain,Sint-Gisleinsstraat,M
Rue Saint-Henri,Sint-Hendrikstraat,M
Rue Saint-Hubert,Sint-Huibrechtsstraat,M
Rue Saint-Jean,Sint-Jansstraat,M
Rue Saint-Jean Népomucène,Sint-Jan Nepomucenusstraat,M
Rue Saint-Joseph,Sint Jozefstraat,M
Rue Saint-Joseph,Sint-Jozefstraat,M
Rue Saint-Julien,Sint-Juliaanstraat,M
Rue Saint-Lambert,Sint-Lambertusstraat,M
Rue Saint-Lambert,Sint-Lambrechtsstraat,M
Rue Saint-Laurent,Sint-Laurensstraat,M
Rue Saint-Lazare,Sint-Lazarusstraat,M
Rue Saint-Martin,Sint-Maartenstraat,M
Rue Saint-Michel,Sint-Michielsstraat,M
Rue Saint-Nicolas,Sint-Nikolaasstraat,M
Rue Saint-Norbert,Sint-Norbertusstraat,M
Rue Saint-Pierre,Sint-Pietersstraat,M
Rue Saint-Quentin,Saint-Quentinstraat,M
Rue Saint-Roch,Sint-Rochusstraat,M
Rue Saints Pierre et Paul,Sint-Pieter-en-Pauwelstraat,M
Rue Saints-Pierre et Paul,Sint-Pieter en Pauwelsstraat,M
Rue Saint-Vincent,Sint-Vincentiusstraat,M
Rue Sallaert,Sallaertstraat,M
Rue Sander Pierron,Sander Pierronstraat,M
Rue Scailquin,Scailquinstraat,M
Rue Scarron,Scarronstraat,M
Rue Schmitz,Schmitzstraat,M
Rue Sergent De Bruyne,Sergeant De Bruynestraat,M
Rue Sergent Sorensen,Sergeant Sorensenstraat,M
Rue Servandoni,Servandonistraat,M
Rue Seutin,Seutinstraat,M
Rue Simonau,Simonaustraat,M
Rue Simonis,Simonisstraat,M
Rue Simons,Simonsstraat,M
Rue Sneessens,Sneessensstraat,M
Rue Stanislas Legrelle,Stanislas Legrellestraat,M
Rue Stanley,Stanleystraat,M
Rue Steens,Steensstraat,M
Rue Stéphanie,Stefaniastraat,F
Rue Stephenson,Stephensonstraat,M
Rue Stepman,Stepmanstraat,M
Rue Steppé,Steppéstraat,M
Rue Sterckx,Sterckxstraat,M
Rue Stevin,Stevinstraat,M
Rue Steyls,Steylsstraat,M
Rue Stijn Streuvels,Stijn Streuvelsstraat,M
Rue Stroobants,Stroobantsstraat,M
Rue Sylvain Denayer,Sylvain Denayerstraat,M
Rue Tacquet,Tacquetstraat,M
Rue Tasson-Snel,Tasson-Snelstraat,M
Rue Tazieaux,Tazieauxstraat,M
Rue Teniers,Teniersstraat,M
Rue Théo Coopman,Théo Coopmanstraat,M
Rue Théodore Baron,Théodore Baronstraat,M
Rue Théodore Bekaert,Théodore Bekaertstraat,M
Rue Théodore De Cuyper,Théodore De Cuyperstraat,M
Rue Théodore Roosevelt,Théodore Rooseveltstraat,M
Rue Théodore Verhaegen,Théodore Verhaegenstraat,M
Rue Théophile De Baisieux,Théophile De Baisieuxstraat,M
Rue Théophile Vander Elst,Théophile Vander Elststraat,M
Rue Thiéfry,Thiéfrystraat,M
Rue Thiernesse,Thiernessestraat,M
Rue Thomas Vinçotte,Thomas Vinçottestraat,M
Rue Thys-Vanham,Thys-Vanhamstraat,M
Rue Tiberghien,Tiberghienstraat,M
Rue Tielemans,Tielemansstraat,M
Rue Timmermans,Timmermansstraat,M
Rue T'Kint,T'Kintstraat,M
Rue Toots Thielemans,Toots Thielemansstraat,M
Rue t'Serclaes,t'Serclaesstraat,M
Rue Ulens,Ulensstraat,M
Rue Valère Broekaert,Valère Broekaertstraat,M
Rue Van Artevelde,Arteveldestraat,M
Rue Van Bemmel,Van Bemmelstraat,M
Rue Van Bergen,Van Bergenstraat,M
Rue Van Campenhout,Van Campenhoutstraat,M
Rue Van Droogenbroeck,Van Droogenbroeckstraat,M
Rue Van Dyck,Van Dyckstraat,M
Rue Van Elewyck,Van Elewyckstraat,M
Rue Van Eyck,Van Eyckstraat,M
Rue Van Gaver,Van Gaverstraat,M
Rue Van Gulick,Van Gulickstraat,F
Rue Van Hammée,Van Hamméestraat,M
Rue Van Helmont,Van Helmontstraat,M
Rue Van Hoegaerde,Van Hoegaerdestraat,M
Rue Van Hoorde,Van Hoordestraat,M
Rue Van Hove,Van Hovestraat,M
Rue Van Kalck,Van Kalckstraat,M
Rue Van Lint,Van Lintstraat,M
Rue Van Maerlant,Van Maerlantstraat,M
Rue Van Malder,Van Malderstraat,M
Rue Van Meyel,Van Meyelstraat,M
Rue Van Moer,Van Moerstraat,M
Rue Van Oost,Van Ooststraat,M
Rue Van Orley,Van Orleystraat,M
Rue Van Ostade,Van Ostadestraat,M
Rue Van Ostade,Van Ostadestraat,M
Rue Van Schoor,Van Schoorstraat,M
Rue Van Soust,Van Souststraat,M
Rue Van Swae,Van Swaestraat,M
Rue Van Wambeke,Van Wambekestraat,M
Rue Van Winghen,Van Winghenstraat,M
Rue Van Ysendyck,Van Ysendyckstraat,M
Rue Vanden Corput,Vanden Corputstraat,M
Rue Vandenboogaerde,Vandenboogaerdestraat,M
Rue Vandenbranden,Vandenbrandenstraat,M
Rue Vandenbroeck,Vandenbroeckstraat,M
Rue Vandenbussche,Vandenbusschestraat,M
Rue Vandenhoven,Vandenhovenstraat,M
Rue Vander Elst,Vander Elststraat,M
Rue Vanderborght,Vanderborghtstraat,M
Rue Vanderdussen,Vanderdussenstraat,M
Rue Vanderhoeven,Vanderhoevenstraat,M
Rue Vanderkindere,Vanderkinderestraat,M
Rue Vanderlinden,Vanderlindenstraat,M
Rue Vandermaelen,Vandermaelenstraat,M
Rue Vandermeersch,Vandermeerschstraat,M
Rue Vandermeulen,Vandermeulenstraat,M
Rue Vandernoot,Vandernootstraat,M
Rue Vanderschrick,Vanderschrickstraat,M
Rue Vanderstichelen,Vanderstichelenstraat,M
Rue Vanderstraeten,Vanderstraetenstraat,M
Rue Vandeweyer,Vandeweyerstraat,M
Rue Vautier,Vautierstraat,M
Rue Verbist,Verbiststraat,M
Rue Verboeckhaven,Verboeckhavenstraat,M
Rue Vergote,Vergotestraat,M
Rue Verhas,Verhasstraat,M
Rue Verheyden,Verheydenstraat,M
Rue Verheyleweghen,Verheyleweghenstraat,M
Rue Verhoeven,Verhoevenstraat,M
Rue Verhulst,Verhulststraat,M
Rue Véronèse,Veronesestraat,M
Rue Vervloesem,Vervloesemstraat,M
Rue Verwée,Verwéestraat,M
Rue Vésale,Vesaliusstraat,M
Rue Veydt,Veydtstraat,M
Rue Veydt,Veydtstraat,M
Rue Victor Allard,Victor Allardstraat,M
Rue Victor Gambier,Victor Gambierstraat,M
Rue Victor Greyson,Victor Greysonstraat,M
Rue Victor Hugo,Victor Hugostraat,M
Rue Victor Lefèvre,Victor Lefèvrestraat,M
Rue Victor Lowet,Victor Lowetstraat,M
Rue Victor Mabille,Victor Mabillestraat,M
Rue Victor Oudart,Victor Oudartstraat,M
Rue Victor Rauter,Victor Rauterstraat,M
Rue Victor Semet,Victor Semetstraat,M
Rue Victor Vanderhoeft,Victor Vanderhoeftstraat,M
Rue Vifquin,Vifquinstraat,M
Rue Vilain XIIII,Vilain XIIII-straat,M
Rue Virgile,Virgiliusstraat,M
Rue Virginie Plas,Virginie Plasstraat,F
Rue Vlogaert,Vlogaertstraat,M
Rue Vogler,Voglerstraat,M
Rue Vonck,Vonckstraat,M
Rue Vondel,Vondelstraat,M
Rue Walckiers,Walckiersstraat,M
Rue Wappers,Wappersstraat,M
Rue Watteeu,Watteeustraat,M
Rue Wauters-Koeckx,Wauters-Koeckxstraat,M
Rue Wauwermans,Wauwermansstraat,M
Rue Wayez,Wayezstraat,M
Rue Wéry,Wérystraat,M
Rue Wiertz,Wiertzstraat,M
Rue Wiertz,Wiertzstraat,M
Rue Willebrord Van Perck,Willebrord Van Perckstraat,M
Rue Willem De Mol,Willem De Molstraat,M
Rue Willem Kuhnen,Willem Kuhnenstraat,M
Rue Willems,Willemsstraat,M
Rue William Degouve de Nuncques,William Degouve de Nuncquesstraat,M
Rue Willy Coppens,Willy Coppensstraat,M
Rue Willy De Bruyn,Willy De Bruynstraat,X
Rue Willy Van Der Meeren,Willy Van Der Meerenstraat,M
Rue Xavier De Bue,Xavier De Buestraat,M
Rue Yvonne Nèvejean,Yvonne Nèvejeanstraat,F
Rue Zinner,Zinnerstraat,M
Sentier Guy Demanet,Guy Demanetpad,M
Square Albert Devèze,Albert Devèzesquare,M
Square Albert Ier,Albert I-square,M
Square Albert Verhaeren,Albert Verhaerensquare,M
Square Ambiorix,Ambiorixsquare,M
Square Antoine Vanlindt,Antoine Vanlindtsquare,M
Square Apollo,Apollosquare,M
Square Armand Steurs,Armand Steurssquare,M
Square Baron Alfred Bouvier,Baron Alfred Bouviersquare,M
Square Baron Robert Hankar,Baron Robert Hankarsquare,M
Square Camille Paulsen,Camille Paulsensquare,M
Square Charles Jordens,Charles Jordenssquare,M
Square Charles Lagrange,Charles Lagrangesquare,M
Square Charles-Maurice Wiser,Charles-Maurice Wiserplein,M
Square Clémentine,Clementinasquare,F
Square de Meeûs,de Meeûssquare,M
Square Docteur Jean Joly,Dokter Jean Jolyplein,M
Square Edmond Machtens,Edmond Machtenssquare,M
Square Égide Rombaux,Égide Rombauxsquare,M
Square Elsa Frison,Elsa Frisonsquare,F
Square Emile des Grées du Loû,Emile des Grées du Loû Square,M
Square Emile Duployé,Emile Duployésquare,M
Square Émile Vander Bruggen,Émile Vander Bruggensquare,M
Square Émile Vandervelde,Émile Vanderveldesquare,M
Square Eugène Plasky,Eugène Plaskysquare,M
Square Félix Delhaye,Félix Delhayesquare,M
Square Félix Vande Sande,Félix Vande Sandesquare,M
Square François Riga,François Rigasquare,M
Square Frans Hals,Frans Halsplein,M
Square Frans Hals,Frans Halssquare,M
Square Frère-Orban,Frère-Orbansquare,M
Square Georges Golinvaux,Georges Golinvauxsquare,M
Square Georges Marlow,Georges Marlowsquare,M
Square Gérard Van Caulaert,Gérard Van Caulaertsquare,M
Square Henri Michaux,Henri Michauxsquare,M
Square Henri Rey,Henri Reysquare,M
Square James Dean,James Deanplein,M
Square Jean Absil,Jean Absilsquare,M
Square Jean Hayet,Jean Hayetsquare,M
Square Jean-Baptiste De Greef,Jean-Baptiste De Greefsquare,M
Square Jef Dillen,Jef Dillensquare,M
Square Joseph Hanse,Joseph Hansesquare,M
Square Joséphine-Charlotte,Joséphine-Charlottesquare,F
Square Jules Algoet,Jules Algoetsquare,M
Square Jules de Burlet,Jules de Burletplein,M
Square Jules Lorge,Jules Lorgesquare,M
Square Lainé,Lainésquare,M
Square Larousse,Laroussesquare,M
Square Léon Jacquet,Léon Jacquetsquare,M
Square Léopold II,Leopold II Plein,M
Square Levie,Levieplein,M
Square Levie,Levieplein,M
Square Louis Van Simaey,Louis Van Simaeysquare,M
Square Maréchal Montgomery,Maarschalk Montgomeryplein,M
Square Marguerite,Margaretasquare,F
Square Marie Curie,Marie Curiesquare,F
Square Marie-José,Marie-Joséplein,F
Square Marie-Louise,Maria-Louizasquare,F
Square Pieter Hauwaerts,Pieter Hauwaertssquare,M
Square Prince Charles,Prins Karelsquare,M
Square Prince Léopold,Prins Leopoldsquare,M
Square Princesse Jean de Mérode,Prinses Jean de Mérodeplein,F
Square Raymond Volckerick,Raymond Volckericksquare,M
Square Robert Allein,Robert Alleinsquare,M
Square Robert Goldschmidt,Robert Goldschmidtsquare,M
Square Robert Pequeur,Robert Pequeursquare,M
Square Sainctelette,Sainctelettesquare,M
Square Servaes Hoedemaekers,Servaas Hoedemaekerssquare,M
Square Toinon,Toinonsquare,F
Square Valère-Gille,Valère-Gillesquare,M
Square Van Bever,Van Beversquare,M
Square Vergote,Vergoteplein,M
Square Vergote,Vergotesquare,M
Square Victor Voets,Victor Voetssquare,M
Square Victoria Régina,Victoria Reginaplantsoen,F
Tunnel Léopold II,Leopold II-tunnel,M
Tunnel Louise,Louizatunnel,F
Tunnel Montgomery,Montgomerytunnel,M
Tunnel Reyers,Reyerstunnel,M
Venelle Chopin,Chopinsteeg,M
Venelle de l'Alchimiste,Alchemiststeeg,M
Venelle Mozart,Mozartsteeg,M
Venelle Robert Brout,Robert Broutsteeg,M
Venelle Schubert,Schubertsteeg,M
Venelle Victor Bourgeois,Victor Bourgeoissteeg,M
Venelle Vivaldi,Vivaldisteeg,M
