streetname,gender
"Place Reine Astrid - Koningin Astridplein",F
"Rue Rosalie Uyttenhove - Rosalie Uyttenhovestraat",F
"Rue Amélie Gomand - Amélie Gomandstraat",F
"Rue Fernande Volral - Fernande Volralstraat",F
"Rue Decrée - Decréestraat",F
"Rue de la Madeleine - Magdalenasteenweg",F
"Rue Audrey Hepburn - Audrey Hepburnstraat",F
"Rue Marlène Dietrich - Marlène Dietrichstraat",F
"Clos Marilyn Monroe - Marilyn Monroegaarde",F
"Clos Ingrid Bergman - Ingrid Bergmangaarde",F
"Petite Rue Sainte-Anne - Kleine Sint-Annastraat",F
"Avenue Marie-José - Marie-Josélaan",F
"Place Séverine - Séverineplein",F
"Square Marie-José - Marie-Joséplein",F
"Square Joséphine-Charlotte - Joséphine-Charlottesquare",F
"Drève Louisa Chaudoir - Louisa Chaudoirdreef",F
"Drève Soetkin - Soetkindreef",F
"Rue Lola Bobesco - Lola Bobescostraat",F
"Square Marie Curie - Marie Curiesquare",F
"Rue Royale-Sainte-Marie - Koninklijke Sinte-Mariastraat",F
"Avenue Princesse Elisabeth - Prinses Elisabethlaan",F
"Avenue Marie la Misérable - Lenneke Marelaan",F
"Place Princesse Elisabeth - Prinses Elisabethplein",F
"Rue Marguerite Van de Wiele - Marguerite Van de Wielestraat",F
"Rue Sainte-Gertrude - Sint-Geertruidestraat",F
"Square Marguerite - Margaretasquare",F
"Square Marie-Louise - Maria-Louizasquare",F
"Allée Clara Clairbert - Clara Clairbertdreef",F
"Avenue Artémis - Artemislaan",F
"Rue Marie de Bourgogne - Maria van Bourgondiëstraat",F
"Square Elsa Frison - Elsa Frisonsquare",F
"Rue Maria Malibran - Maria Malibranstraat",F
"Avenue Nellie Melba - Nellie Melbalaan",F
"Rue Marie-Henriette - Maria-Hendrikastraat",F
"Rue Clémentine - Clementinestraat",F
"Petite Rue Malibran - Korte Malibranstraat",F
"Avenue Marguerite Yourcenar - Marguerite Yourcenarlaan",F
"Rue Élise - Elizastraat",F
"Avenue Jeanne - Johannalaan",F
"Avenue Ernestine - Ernestinelaan",F
"Rue Juliette Wytsman - Juliette Wytsmanstraat",F
"Place Marie-José - Marie-Joséplein",F
"Rue Mercelis - Mercelisstraat",F
"Rue Maria Tillmans - Maria Tillmansstraat",F
"Place Reine Fabiola - Koningin Fabiolaplein",F
"Avenue Marie de Hongrie - Maria van Hongarijelaan",F
"Place Marguerite d'Autriche - Margaretha van Oostenrijkplein",F
"Place de la Reine Paola - Koningin Paolaplein",F
"Parvis Sainte-Cécile - Sint-Ceciliavoorplein",F
"Rue du Parc Elisabeth - Elisabethparkstraat",F
"Rue Marie-Thérèse - Maria-Theresiastraat",F
"Avenue Notre-Dame de Fatima - Onze Lieve-Vrouw van Fatimalaan",F
"Square Victoria Régina - Victoria Reginaplantsoen",F
"Avenue Éléonore - Eleonorelaan",F
"Rue Marguerite Bervoets - Marguerite Bervoetsstraat",F
"Rue Gabrielle Petit - Gabrielle Petitstraat",F
"Rue Hélène Ryckmans - Hélène Ryckmansstraat",F
"Rue Sainte-Marie - Sint-Mariastraat",F
"Place de la Duchesse de Brabant - Hertogin van Brabantplaats",F
"Rue Sainte-Elisabeth - Sint-Elisabethstraat",F
"Rue de Sévigné - de Sévignéstraat",F
"Avenue Impératrice Charlotte - Keizerin Charlottelaan",F
"Square Clémentine - Clementinasquare",F
"Rue Médori - Médoristraat",F
"Drève Sainte-Anne - Sint-Annadreef",F
"Parvis Notre-Dame - Onze-Lieve-Vrouwvoorplein",F
"Rue Stéphanie - Stefaniastraat",F
"Rue Princesse Clémentine - Prinses Clementinastraat",F
"Rue Marie-Christine - Maria-Christinastraat",F
"Rue Van Gulick - Van Gulickstraat",F
"Rue de Ciplet - de Cipletstraat",F
"Boulevard Maria Groeninckx-De May - Maria Groeninckx-De Maylaan",F
"Rue Romanie Van Dyck - Romanie Van Dyckstraat",F
"Rue Sainte-Thérèse - Sint-Theresiastraat",F
"Drève Aurélie Solvay - Aurélie Solvaydreef",F
"Drève Aleyde De Brabant - Aleyde Van Brabantdreef",F
"Place Akarova - Akarovaplein",F
"Parvis Sainte-Alix - Sinte-Aleidisvoorplein",F
"Avenue Sainte-Alix - Sinte-Aleidislaan",F
"Place Sainte-Catherine - Sint-Katelijneplein",F
"Place Marie Janson - Marie Jansonplein",F
"Place Louise - Louizaplein",F
"Allée Rosa Luxembourg - Rosa Luxemburgdreef",F
"Allée Louise Van den Plas - Louise Van den Plasdreef",F
"Tunnel Louise - Louizatunnel",F
"Place Stéphanie - Stefaniaplein",F
"Avenue Louise - Louizalaan",F
"Avenue Reine Marie-Henriette - Koningin Maria-Hendrikalaan",F
"Place Sainte-Gudule - Sinter-Goedeleplein",F
"Rue Sainte-Catherine - Sint-Katelijnestraat",F
"Avenue Victoria Regina - Victoria Reginalaan",F
"Rue Marie Depage - Marie Depagestraat",F
"Rue Gatti de Gamond - Gatti de Gamondstraat",F
"Avenue Pénélope - Penelopelaan",F
"Avenue de la Princesse Paola - Prinses Paolalaan",F
"Avenue Clémentine - Clementinalaan",F
"Carrefour Sainte-Anne - Sint-Annakruispunt",F
"Avenue Sainte-Anne - Sint-Annalaan",F
"Avenue de Flore - Floralaan",F
"Avenue Minerve - Minervalaan",F
"Quai Reine Astrid - Kw Koningin Astrid",F
"Rue Edith Cavell - Edith Cavellstraat",F
"Koningin Astridlaan - Avenue Reine Astrid",F
"Petite rue Anna Magnani - Kleine Anna Magnanistraat",F
"Rue Marianne - Mariannestraat",F
"Koningin Elisabethlaan - Avenue Reine Elisabeth",F
"Avenue Notre-Dame - Onze Lieve Vrouwlaan",F
"Square Princesse Jean de Mérode - Prinses Jean de Mérodeplein",F
"Avenue Victoria - Victorialaan",F
"Lenneke Marelaan",F
"Allée Laura Turner - Laura Turnerdreef",F
"Avenue de Cérès - Cereslaan",F
"Avenue de Diane - Dianalaan",F
"Marie Popelinstraat - Rue Marie Popelin",F
"Avenue de Castonier - de Castonierlaan",F
"Square Toinon - Toinonsquare",F
"Impasse Sainte-Pétronille - Sint-Petronillagang",F
"Place Andrée Payfa-Fosseprez - Andrée Payfa-Fosseprezplein",F
"Passage Marguerite Yourcenar - Marguerite Yourcenar doorgang",F
"Avenue Ginette Javaux - Ginette Javauxlaan",F
"Rue Sainte-Anne - Sint-Annastraat",F
"Rue Yvonne Jospa - Yvonne Jospastraat",F
"Avenue Jacqueline Harpman - Jacqueline Harpmanlaan",F
"Avenue Simone Veil - Simone Veillaan",F
"Rue Virginie Plas - Virginie Plasstraat",F
"Allée Maud Frère - Maud Frèredreef",F
"Passage Simone Signoret - Simone Signoretdoorgang",F
"Allée Suzanne Cocq - Suzanne Cocqdreef",F
"Allée Irène Vanderlinden - Irène Vanderlindendreef",F
"Allée Louisa Haerens - Louisa Haerensdreef",F
"Allée Estelle Juste - Estelle Justedreef",F
"Place Jo Cox - Jo Coxplein",F
"Clos Andrée Dumont -  Andrée Dumontgaarde",F
"Clos Andrée De Jongh - Andrée de Jonghgaarde",F
"Rue Andrée de Jongh - Andrée de Jonghstraat",F
"Rue Yvonne Nèvejean - Yvonne Nèvejeanstraat",F
"Pont Suzan Daniel - Suzan Danielbrug",F
"Rue Eliane Vogel-Polsky - Eliane Vogel-Polskystraat",F
"Square Vergote - Vergotesquare",M
"Rue Jules Lebrun - Jules Lebrunstraat",M
"Rue Van Dyck - Van Dyckstraat",M
"Rue Jean-Baptiste Serkeyn - Jean-Baptiste Serkeynstraat",M
"Rue Honoré Longtin - Honoré Longtinstraat",M
"Avenue Carton de Wiart - Carton de Wiartlaan",M
"Place Philippe Werrie - Philippe Werrieplein",M
"Avenue Broustin - Broustinlaan",M
"Rue Vanderborght - Vanderborghtstraat",M
"Avenue Jacques Sermon - Jacques Sermonlaan",M
"Avenue Giele - Gielelaan",M
"Rue de Moranville - de Moranvillestraat",M
"Rue Herrewege - Herrewegestraat",M
"Avenue Odon Warland - Odon Warlandlaan",M
"Rue Aloïs Verstraeten - Aloïs Verstraetenstraat",M
"Avenue Démosthène Poplimont - Démosthène Poplimontlaan",M
"Rue Prince Baudouin - Prins Boudewijnstraat",M
"Rue Jacques Vandervleet - Jacques Vandervleetstraat",M
"Avenue Firmin Lecharlier - Firmin Lecharlierlaan",M
"Avenue Paul De Merten - Paul De Mertenlaan",M
"Rue François Stroobant - François Stroobantstraat",M
"Boulevard de Smet de Naeyer - de Smet de Naeyerlaan",M
"Rue Pierre Timmermans - Pierre Timmermansstraat",M
"Avenue Albert De Coster - Albert De Costerlaan",M
"Rue Léopold Procureur - Léopold Procureurstraat",M
"Rue Docteur Huet - Dokter Huetstraat",M
"Avenue Camille Vaneukem - Camille Vaneukemlaan",M
"Avenue Général Lartigue - Generaal Lartiguelaan",M
"Rue Georges Rency - Georges Rencystraat",M
"Rue Léon Dopéré - Léon Dopéréstraat",M
"Rue Brunard - Brunardstraat",M
"Rue Stanislas Legrelle - Stanislas Legrellestraat",M
"Avenue Joseph Vanhellemont - Joseph Vanhellemontlaan",M
"Rue Eugène Toussaint - Eugène Toussaintstraat",M
"Rue Hubert Van Eepoel - Hubert Van Eepoelstraat",M
"Rue Henri Huybreghts - Henri Huybreghtsstraat",M
"Rue Gaston Biernaux - Gaston Biernauxstraat",M
"Rue Abbé Victor de Sloover - Priester Victor de Slooverstraat",M
"Rue Abbé Paul Le Roux - Priester Paul Le Rouxstraat",M
"Rue Léon Theodor - Léon Theodorstraat",M
"Rue Léopold I - Leopold I straat",M
"Avenue Charles Woeste - Charles Woestelaan",M
"Rue Saint-Henri - Sint-Hendrikstraat",M
"Parvis Saint-Henri - Sint-Hendriksvoorplein",M
"Rue Abbé de l'Epée - Priester de l'Epéestraat",M
"Avenue Albertyn - Albertynlaan",M
"Rue Corneille De Clercq - Corneille De Clercqstraat",M
"Rue Edouard Faes - Edouard Faesstraat",M
"Rue Fernand Pire - Fernand Pirestraat",M
"Rue Paul Michiels - Paul Michielsstraat",M
"Rue Auguste Hainaut - Auguste Hainautstraat",M
"Rue Baron de Laveleye - Baron de Laveleyestraat",M
"Rue Van Swae - Van Swaestraat",M
"Rue Josse De Boeck - Josse De Boeckstraat",M
"Rue Steppé - Steppéstraat",M
"Rue Ferdinand Lenoir - Ferdinand Lenoirstraat",M
"Rue Pierre De Breuker - Pierre De Breukerstraat",M
"Rue Léopold - Leopoldstraat",M
"Rue Henri Werrie - Henri Werriestraat",M
"Rue Gillebertus - Gillebertusstraat",M
"Place Laneau - Laneauplein",M
"Rue Henri Van Bortonne - Henri Van Bortonnestraat",M
"Rue Gustave Van Huynegem - Gustave Van Huynegemstraat",M
"Rue Adolphe Vandenschrieck - Adolphe Vandenschrieckstraat",M
"Place Cardinal Mercier - Kardinaal Mercierplein",M
"Rue Jean-Baptiste Verbeyst - Jean-Baptiste Verbeyststraat",M
"Rue François Couteaux - François Couteauxstraat",M
"Rue Jules Lahaye - Jules Lahayestraat",M
"Rue Gustave Delathouwer - Gustave Delathouwerstraat",M
"Rue Joseph Loossens - Joseph Loossensstraat",M
"Rue Jacobs Fontaine - Jacobs Fontainestraat",M
"Rue Saint-Norbert - Sint-Norbertusstraat",M
"Rue Duysburgh - Duysburghstraat",M
"Rue Emmanuel Van Driessche - Emmanuel Van Driesschestraat",M
"Rue Fernand Neuray - Fernand Neuraystraat",M
"Rue Pierre Verschelden - Pierre Verscheldenstraat",M
"Rue Ernest Salu - Ernest Salustraat",M
"Rue Gustave Gilson - Gustave Gilsonstraat",M
"Rue Léopold Peret - Leopold Peretstraat",M
"Rue Théophile De Baisieux - Théophile De Baisieuxstraat",M
"Avenue Guillaume De Greef - Guillaume De Greeflaan",M
"Avenue Ernest Masoin - Ernest Masoinlaan",M
"Place Arthur Van Gehuchten - Arthur Van Gehuchtenplein",M
"Square Jules Lorge - Jules Lorgesquare",M
"Rue Dupré - Dupréstraat",M
"Rue Antoine Baeck - Antoine Baeckstraat",M
"Rue Bonaventure - Bonaventurestraat",M
"Rue Valère Broekaert - Valère Broekaertstraat",M
"Rue Frédéric Mohrfeld - Frédéric Mohrfeldstraat",M
"Rue René Reniers - René Reniersstraat",M
"Avenue Capart - Capartlaan",M
"Avenue Henri Liebrecht - Henri Liebrechtlaan",M
"Rue Remy Soetens - Remy Soetensstraat",M
"Rue Eugène De Smet - Eugène De Smetstraat",M
"Rue Guillaume Beliën - Guillaume Beliënstraat",M
"Rue Joseph Schuermans - Joseph Schuermansstraat",M
"Avenue Jaak Pieter Ballings - Jaak Pieter Ballingslaan",M
"Rue Jean Tiebackx - Jan Tiebackxstraat",M
"Rue Alexandre Wouters - Alexandre Woutersstraat",M
"Avenue Jacques Swartenbrouck - Jacques Swartenbroucklaan",M
"Rue Henri Evenepoel - Henri Evenepoelstraat",M
"Rue Jean Baudoux - Jean Baudouxstraat",M
"Avenue Joseph De Heyn - Joseph De Heynlaan",M
"Avenue Stiénon - Stiénonlaan",M
"Rue Corneille Hoornaert - Corneille Hoornaertstraat",M
"Rue Edouard De Grijse - Edouard De Grijsestraat",M
"Avenue Albert Brachet - Albert Brachetlaan",M
"Place Saint-Jean - Sint-Jansplein",M
"Rue Charles Buls - Karel Bulsstraat",M
"Rue Duquesnoy - Duquesnoystraat",M
"Avenue Jean-Baptiste Depaire - Jean-Baptiste Depairelaan",M
"Avenue Maurice Dekeyser - Maurice Dekeyserlaan",M
"Avenue Vincent Vandermaelen - Vincent Vandermaelenlaan",M
"Square Robert Allein - Robert Alleinsquare",M
"Avenue Emile Van Ermengem - Emile Van Ermengemlaan",M
"Avenue Jean Palfyn - Jan Palfynlaan",M
"Clos Joseph Otten - Joseph Ottengaarde",M
"Rue Maurice Van Rolleghem - Maurice Van Rolleghemstraat",M
"Clos Fernand Tonnet - Fernand Tonnetgaarde",M
"Avenue du Bourgmestre Etienne Demunter - Burgemeester Etienne Demunterlaan",M
"Square James Dean - James Deanplein",M
"Avenue du Bourgmestre Jean Neybergh - Burgemeester Jean Neyberghlaan",M
"Chemin Laurence Olivier - Laurence Oliviergaarde",M
"Place Jean Gabin - Jean Gabinplein",M
"Place Jean-Louis Thys - Jean-Louis Thysplaats",M
"Avenue Jan Verdoodt - Jan Verdoodtlaan",M
"Rue Mathieu Pauwels - Mathieu Pauwelsstraat",M
"Avenue Charles-Quint - Keizer Karellaan",M
"Avenue Jean Joseph Crocq - Jean Joseph Crocqlaan",M
"Rue Jean-Baptiste Timmermans - Jean-Baptiste Timmermansstraat",M
"Avenue Georges Henri - Georges Henrilaan",M
"Rue Gaston Coudyser - Gaston Coudyserstraat",M
"Rue Jean Lagey - Jean Lageystraat",M
"Avenue Auguste Bourgeois - Auguste Bourgeoislaan",M
"Rue Léon Nicodème - Léon Nicodèmestraat",M
"Rue Edouard Van Muylders - Edouard Van Muyldersstraat",M
"Avenue Général Bernheim - Generaal Bernheimlaan",M
"Rue Pierre Hap Lemaître - Pierre Hap Lemaîtrestraat",M
"Rue Félix Terlinden - Félix Terlindenstraat",M
"Rue Vergote - Vergotestraat",M
"Avenue Albert Jonnart - Albert Jonnartlaan",M
"Avenue Ernest Cambier - Ernest Cambierlaan",M
"Avenue Emile Max - Emile Maxlaan",M
"Avenue Houzeau - Houzeaulaan",M
"Avenue Chazal - Chazallaan",M
"Avenue Herbert Hoover - Herbert Hooverlaan",M
"Rue Ferdinand Craps - Ferdinand Crapsstraat",M
"Avenue Robert Dalechamp - Robert Dalechamplaan",M
"Avenue Edouard Speeckaert - Edouard Speeckaertlaan",M
"Rue de Gerlache - de Gerlachestraat",M
"Avenue de Broqueville - de Broquevillelaan",M
"Avenue Léon Tombu - Léon Tombulaan",M
"Rue Lieutenant Freddy Wampach - Luitenant Freddy Wampachstraat",M
"Rue Paul Segers - Paul Segersstraat",M
"Rue Paul Devigne - Paul Devignestraat",M
"Rue Henri Stacquet - Henri Stacquetstraat",M
"Avenue Guillaume Lefever - Guillaume Lefeverlaan",M
"Avenue Josse Smets - Josse Smetslaan",M
"Rue de Haerne - de Haernestraat",M
"Rue Théodore Baron - Théodore Baronstraat",M
"Rue Guillaume Demuylder - Guillaume Demuylderstraat",M
"Avenue Guillaume Keyen - Guillaume Keyenlaan",M
"Avenue Victor Jacobs - Victor Jacobslaan",M
"Place Saint-Antoine - Sint-Antoonplein",M
"Rue Alex Marcette - Alex Marcettestraat",M
"Rue Georges et Jacques Martin - Georges en Jacques Martinstraat",M
"Avenue Antoine-Joseph Slegers - Antoine-Joseph Slegerslaan",M
"Avenue Victor Gilsoul - Victor Gilsoullaan",M
"Clos A.J. Slegers - A.J. Slegersgaarde",M
"Rue Nothomb - Nothombstraat",M
"Place Surlet de Chokier - Surlet de Chokierplein",M
"Rue Van Orley - Van Orleystraat",M
"Avenue Louis Gribaumont - Louis Gribaumontlaan",M
"Avenue J.G. Van Goolen - J.G. Van Goolenlaan",M
"Avenue Jean Laudy - Jean Laudylaan",M
"Avenue Michel Sterckmans - Michel Sterckmanslaan",M
"Avenue Jean Roch Collon - Jean Roch Collonlaan",M
"Avenue Edgard Tytgat - Edgard Tytgatlaan",M
"Avenue Guillaume Abeloos - Guillaume Abelooslaan",M
"Boulevard Bischoffsheim - Bischoffsheimlaan",M
"Avenue De Fré - De Frélaan",M
"Square Docteur Jean Joly - Dokter Jean Jolyplein",M
"Avenue Paul Stroobant - Paul Stroobantlaan",M
"Clos Victor Gilsoul - Victor Gilsoulgaarde",M
"Avenue Constant Montald - Constant Montaldlaan",M
"Avenue Henri Pauwels - Henri Pauwelslaan",M
"Avenue Général Bastin - Generaal Bastinlaan",M
"Avenue J. P. Rullens - J. P. Rullenslaan",M
"Avenue Échevin Van Muylders - Schepen Van Muylderslaan",M
"Rue Fernand Mélard - Fernand Mélardstraat",M
"Avenue du Roi Chevalier - Ridder Koninglaan",M
"Avenue Raymond de Meester - Raymond de Meesterlaan",M
"Avenue Alfred Bastien - Alfred Bastienlaan",M
"Avenue Auguste Oleffe - Auguste Oleffelaan",M
"Avenue Louis Clesse - Louis Clesselaan",M
"Avenue Jean Colin - Jean Colinlaan",M
"Rue Guillaume Dekelver - Guillaume Dekelverstraat",M
"Rue Alderson Jeuniau - Alderson Jeuniaustraat",M
"Avenue Léon Houyoux - Léon Houyouxlaan",M
"Avenue Joseph Jean Gossiaux - Joseph Jean Gossiauxlaan",M
"Avenue André Drouart - André Drouartlaan",M
"Avenue Jules Vandeleene - Jules Vandeleenelaan",M
"Rue Wayez - Wayezstraat",M
"Avenue Vandromme - Vandrommelaan",M
"Rue François Debelder - François Debelderstraat",M
"Avenue Henri Strauven - Henri Strauvenlaan",M
"Rue Armand Swevers - Armand Sweversstraat",M
"Rue Henri Vandersaenen - Henri Vandersaenenstraat",M
"Clos Paul Delforge - Paul Delforgegaarde",M
"Rue Robert Willame - Robert Willamestraat",M
"Rue Joseph Delhaye - Joseph Delhayestraat",M
"Square Georges Marlow - Georges Marlowsquare",M
"Parvis Saint-Pierre - Sint-Pietersvoorplein",M
"Place Homère Goossens - Homère Goossensplein",M
"Rue Verhulst - Verhulststraat",M
"Rue Xavier De Bue - Xavier De Buestraat",M
"Avenue Eudore Pirmez - Eudore Pirmezlaan",M
"Boulevard Général Jacques - Generaal Jacqueslaan",M
"Rue Docteur Dryepondt - Dokter Dryepondtstraat",M
"Rue Joseph Buedts - Joseph Buedtsstraat",M
"Rue Général Fivé - Generaal Fivéstraat",M
"Rue Crocq - Crocqstraat",M
"Rue Jacques Hoton - Jacques Hotonstraat",M
"Place Verheyleweghen - Verheyleweghenplein",M
"Rue Philippe Baucq - Philippe Baucqstraat",M
"Avenue Paul Hymans - Paul Hymanslaan",M
"Avenue Jules Malou - Jules Maloulaan",M
"Avenue Michel de Ghelderode - Michel de Ghelderodelaan",M
"Rue Général Wangermée - Generaal Wangerméestraat",M
"Rue Vervloesem - Vervloesemstraat",M
"Rue Verheyleweghen - Verheyleweghenstraat",M
"Avenue Baden-Powell - Baden-Powelllaan",M
"Rue Gustave-Jean Leclercq - Gustave-Jean Leclercqstraat",M
"Rue Louis Marcx - Louis Marcxstraat",M
"Avenue Thomas Frissen - Thomas Frissenlaan",M
"Avenue Alphonse Valkeners - Alphonse Valkenerslaan",M
"Avenue Docteur Edmond Cordier - Dokter Edmond Cordierlaan",M
"Rue Mathieu Buntincx - Mathieu Buntincxstraat",M
"Avenue Isidore Geyskens - Isidore Geyskenslaan",M
"Avenue Louis Berlaimont - Louis Berlaimontlaan",M
"Avenue Benjamin Jansen - Benjamin Jansenlaan",M
"Avenue Henri de Brouckère - Henri de Brouckèrelaan",M
"Rue Antoine Vandergoten - Antoine Vandergotenstraat",M
"Avenue Gabriel Emile Lebon - Gabriel Emile Lebonlaan",M
"Rue Jules Emile Raymond - Jules Emile Raymondstraat",M
"Rue Edouard Henrard - Edouard Henrardstraat",M
"Avenue Jan Stobbaerts - Jan Stobbaertslaan",M
"Rue Vandenbussche - Vandenbusschestraat",M
"Rue Frans Binjé - Frans Binjéstraat",M
"Rue Godefroid Devreese - Godefroid Devreesestraat",M
"Rue Josse Impens - Josse Impensstraat",M
"Avenue Général Eisenhower - Generaal Eisenhowerlaan",M
"Rue de Theux - de Theuxstraat",M
"Rue Général Capiaumont - Generaal Capiaumontstraat",M
"Rue Ernest Havaux - Ernest Havauxstraat",M
"Rue Peter Benoit - Peter Benoitstraat",M
"Avenue Charles de Thiennes - Charles de Thienneslaan",M
"Rue Saint-Lambert - Sint-Lambrechtsstraat",M
"Rue Vandenhoven - Vandenhovenstraat",M
"Place Saint-Lambert - Sint-Lambertusplein",M
"Rue François Bossaerts - Francois Bossaertsstraat",M
"Rue Madyol - Madyolstraat",M
"Rue Artan - Artanstraat",M
"Rue Auguste Lambiotte - Auguste Lambiottestraat",M
"Rue Joseph Coosemans - Joseph Coosemansstraat",M
"Rue Léon Mignon - Léon Mignonstraat",M
"Avenue Clays - Clayslaan",M
"Rue Alexandre Markelbach - Alexandre Markelbachstraat",M
"Rue André Van Hasselt - André Van Hasseltstraat",M
"Rue Thomas Vinçotte - Thomas Vinçottestraat",M
"Rue Verbist - Verbiststraat",M
"Rue Gustave Fuss - Gustave Fussstraat",M
"Rue Albert de Latour - Albert de Latourstraat",M
"Rue Emile Wittmann - Emile Wittmannstraat",M
"Rue Eugène Smits - Eugène Smitsstraat",M
"Rue Jacques Jansen - Jacques Jansenstraat",M
"Rue Gray - Graystraat",M
"Rue William Degouve de Nuncques - William Degouve de Nuncquesstraat",M
"Rue Aimé Smekens - Aimé Smekensstraat",M
"Rue Knapen - Knapenstraat",M
"Avenue Léon Mahillon - Léon Mahillonlaan",M
"Rue Louis Scutenaire - Louis Scutenairestraat",M
"Rue Marcel Mariën - Marcel Mariënstraat",M
"Place Colignon - Colignonplein",M
"Rue Emmanuel Hiel - Emmanuel Hielstraat",M
"Rue Abbé Jean Heymans - Priester Jean Heymansstraat",M
"Boulevard Henri Simonet - Henri Simonetlaan",M
"Rue Pierre Van Reymenant - Pierre Van Reymenantstraat",M
"Place Jourdan - Jourdanplein",M
"Avenue Gilbert Mullie - Gilbert Mullielaan",M
"Clos Albert Marinus - Albert Marinusgaarde",M
"Rue Théodore De Cuyper - Théodore De Cuyperstraat",M
"Avenue Jacques Brel - Jacques Brellaan",M
"Rue Sneessens - Sneessensstraat",M
"Rue Fétis - Fétisstraat",M
"Rue Vogler - Voglerstraat",M
"Rue Teniers - Teniersstraat",M
"Rue Ernest Discailles - Ernest Discaillesstraat",M
"Rue Joseph Brand - Joseph Brandstraat",M
"Rue Henri Bergé - Henri Bergéstraat",M
"Rue Jenatzy - Jenatzystraat",M
"Boulevard Josse Leemans - Josse Leemanslaan",M
"Rue Edouard Fiers - Edouard Fiersstraat",M
"Rue Henry Villard - Henry Villardstraat",M
"Rue Kessels - Kesselsstraat",M
"Rue Van Hoorde - Van Hoordestraat",M
"Rue Roelandts - Roelandtsstraat",M
"Rue Van Hove - Van Hovestraat",M
"Avenue Paul Deschanel - Paul Deschanellaan",M
"Square Emile Duployé - Emile Duployésquare",M
"Rue Vonck - Vonckstraat",M
"Rue Verboeckhaven - Verboeckhavenstraat",M
"Rue Thiéfry - Thiéfrystraat",M
"Rue Massaux - Massauxstraat",M
"Rue Seutin - Seutinstraat",M
"Rue Frédéric Pelletier - Frédéric Pelletierstraat",M
"Rue Louis Hap - Louis Hapstraat",M
"Rue Léon Frédéric - Léon Frédéricstraat",M
"Avenue Adolphe Lacomblé - Adolphe Lacomblélaan",M
"Avenue Eugène Plasky - Eugène Plaskylaan",M
"Rue Victor Hugo - Victor Hugostraat",M
"Rue Victor Oudart - Victor Oudartstraat",M
"Avenue Émile Gryson - Emile Grysonlaan",M
"Avenue Milcamps - Milcampslaan",M
"Rue Général Gratry - Generaal Gratrystraat",M
"Rue Théodore Roosevelt - Théodore Rooseveltstraat",M
"Rue Victor Lefèvre - Victor Lefèvrestraat",M
"Rue de Robiano - de Robianostraat",M
"Rue Vifquin - Vifquinstraat",M
"Rue Brichaut - Brichautstraat",M
"Rue Richard Kips - Richard Kips straat",M
"Rue Lefrancq - Lefrancqstraat",M
"Rue Vandeweyer - Vandeweyerstraat",M
"Rue de Locht - de Lochtstraat",M
"Rue Renkin - Renkinstraat",M
"Rue Vondel - Vondelstraat",M
"Avenue Marc Henri Van Laer - Marc Henri Van Laerlaan",M
"Rue Raymond Ebrant - Raymond Ebrantstraat",M
"Rue de Beughem - Beughemstraat",M
"Rue L'Olivier - L'Olivierstraat",M
"Rue Linné - Linnéstraat",M
"Rue Dupont - Dupontstraat",M
"Rue Allard - Allardstraat",M
"Rue d'Hoogvorst - d'Hoogvorststraat",M
"Rue de Potter - de Potterstraat",M
"Rue Rogier - Rogierstraat",M
"Rue Général Leman - Generaal Lemanstraat",M
"Rue Doyen Boone - Deken Boonestraat",M
"Rue Félix Hap - Félix Hapstraat",M
"Rue Gallait - Gallaitstraat",M
"Rue Rubens - Rubensstraat",M
"Rue Joseph Jacquet - Joseph Jacquetstraat",M
"Rue James Watt - James Wattstraat",M
"Place Stephenson - Stephensonplein",M
"Rue Vanderlinden - Vanderlindenstraat",M
"Rue Van Schoor - Van Schoorstraat",M
"Rue Fraikin - Fraikinstraat",M
"Rue Van Oost - Van Ooststraat",M
"Rue Floris - Florisstraat",M
"Rue Quinaux - Quinauxstraat",M
"Rue Vandermeersch - Vandermeerschstraat",M
"Rue Verhas - Verhasstraat",M
"Rue Camille Simoens - Camille Simoensstraat",M
"Avenue Maréchal Foch - Maarschalk Fochlaan",M
"Rue Bollinckx - Bollinckxstraat",M
"Rue Général Eenens - Generaal Eenensstraat",M
"Rue Metsys - Metsysstraat",M
"Avenue Voltaire - Voltairelaan",M
"Rue Léopold Courouble - Léopold Couroublestraat",M
"Rue Jacques Rayé - Jacques Rayéstraat",M
"Rue Capronnier - Capronnierstraat",M
"Rue d'Anethan - d'Anethanstraat",M
"Rue François-Joseph Navez - François-Joseph Navezstraat",M
"Rue Portaels - Portaelsstraat",M
"Rue Joseph Van Camp - Joseph Van Campstraat",M
"Rue Henri-Joseph Genesse - Henri-Joseph Genessestraat",M
"Rue Georges Garnir - Georges Garnirstraat",M
"Rue Maurice Des Ombiaux - Maurice Des Ombiauxstraat",M
"Avenue Jean Monnet - Jean Monnetlaan",M
"Avenue Oscar Jespers - Oscar Jesperslaan",M
"Avenue Henri Lafontaine - Henri Lafontainelaan",M
"Avenue H.V. Wolvens - H.V. Wolvenslaan",M
"Rue Gendebien - Gendebienstraat",M
"Place Solvay - Solvayplein",M
"Place Gaucheret - Gaucheretplein",M
"Avenue Philippe Thomas - Philippe Thomaslaan",M
"Rue Jolly - Jollystraat",M
"Rue Destouvelles - Destouvellesstraat",M
"Rue Gaucheret - Gaucheretstraat",M
"Boulevard du Roi Albert II - Koning Albert II-laan",M
"Rue Masui - Masuistraat",M
"Place Masui - Masuiplein",M
"Rue Nicolas Defrêcheux - Nicolas Defrêcheuxstraat",M
"Avenue Emile Zola - Emile Zolalaan",M
"Rue Iwan Gilkin - Iwan Gilkinstraat",M
"Avenue Marcel Thiry - Marcel Thirylaan",M
"Avenue Emmanuel Mounier - Emmanuel Mounierlaan",M
"Avenue Hippocrate - Hippokrateslaan",M
"Rue Froissart - Froissartstraat",M
"Rue De Mot - De Motstraat",M
"Square Charles-Maurice Wiser - Charles-Maurice Wiserplein",M
"Place Jean-Baptiste Carnoy - Jean-Baptiste Carnoyplein",M
"Avenue Konrad Adenauer - Konrad Adenauerlaan",M
"Rue Martin V - Martinus V-straat",M
"Jardin Martin V - Martinus V-tuin",M
"Rue Van Hammée - Van Hamméestraat",M
"Rue Cornet de Grez - Cornet de Grezstraat",M
"Avenue Albert Giraud - Albert Giraudlaan",M
"Avenue Emile Verhaeren - Emile Verhaerenlaan",M
"Avenue Sleeckx - Sleeckxlaan",M
"Avenue Eugène Demolder - Eugène Demolderlaan",M
"Rue Auguste Snieders - Auguste Sniedersstraat",M
"Avenue Colonel Picquart - Kolonel Picquartlaan",M
"Avenue Georges Rodenbach - Georges Rodenbachlaan",M
"Avenue Jean Jaurès - Jean Jaurèslaan",M
"Avenue Émile Vandervelde - Émile Vanderveldelaan",M
"Rue Jan Blockx - Jan Blockxstraat",M
"Rue Nestor De Tière - Nestor De Tièrestraat",M
"Avenue Jean-François Debecker - Jean-François Debeckerlaan",M
"Avenue Zénobe Gramme - Zénobe Grammelaan",M
"Rue Joseph Aernaut - Joseph Aernautstraat",M
"Avenue Georges Maerckaert - Georges Maerckaertlaan",M
"Avenue Marcel Devienne - Marcel Deviennelaan",M
"Avenue Maurice Maeterlinck - Maurice Maeterlincklaan",M
"Rue Anatole France - Anatole Francestraat",M
"Avenue Georges Eekhoud - Georges Eekhoudlaan",M
"Rue Grégoire Leroy - Grégoire Leroystraat",M
"Rue Gustave Huberti - Gustave Hubertistraat",M
"Rue Sander Pierron - Sander Pierronstraat",M
"Rue Walckiers - Walckiersstraat",M
"Square François Riga - François Rigasquare",M
"Avenue Huart Hamoir - Huart Hamoirlaan",M
"Rue Van Droogenbroeck - Van Droogenbroeckstraat",M
"Rue Fernand Séverin - Fernand Séverinstraat",M
"Rue Charles Meert - Charles Meertstraat",M
"Rue Charles Van Lerberghe - Charles Van Lerberghestraat",M
"Rue Richard Vandevelde - Richard Vandeveldestraat",M
"Rue Guido Gezelle - Guido Gezellestraat",M
"Rue Achille Detienne - Achille Detiennestraat",M
"Rue Jonniaux - Jonniauxstraat",M
"Place Van Meyel - Van Meyelplein",M
"Avenue Albert Dumont - Albert Dumontlaan",M
"Place Ernest S'Jonghers - Ernest S'Jonghersplein",M
"Place Ministre Wauters - Minister Wautersplein",M
"Rue Hoorickx - Hoorickxstraat",M
"Avenue Guillaume Melckmans - Guillaume Melckmanslaan",M
"Clos Prométhée - Prometheusgaarde",M
"Rue Baron Lambert - Baron Lambertstraat",M
"Rue Georges Raeymaekers - Georges Raeymaekersstraat",M
"Rue Henri Jacobs - Henri Jacobsstraat",M
"Rue Stijn Streuvels - Stijn Streuvelsstraat",M
"Rue Docteur Elie Lambotte - Dokter Elie Lambottestraat",M
"Rue Willem Kuhnen - Willem Kuhnenstraat",M
"Avenue Docteur Dejase - Dokter Dejaselaan",M
"Rue Van Winghen - Van Winghenstraat",M
"Rue Alexandre Pierrard - Alexandre Pierrardstraat",M
"Avenue Waxweiler - Waxweilerlaan",M
"Rue Albert Meurice - Albert Meuricestraat",M
"Rue Antoine Gautier - Antoine Gautierstraat",M
"Rue Frémineur - Frémineurstraat",M
"Rue Théo Coopman - Théo Coopmanstraat",M
"Rue Jules Destrée - Jules Destréestraat",M
"Rue Alexandre De Craene - Alexandre De Craenestraat",M
"Rue Joseph Wauters - Joseph Wautersstraat",M
"Rue Hubert Krains - Hubert Krainsstraat",M
"Avenue Raymond Foucart - Raymond Foucartlaan",M
"Rue Charles Vanderstappen - Charles Vanderstappenstraat",M
"Rue Désiré Desmet - Désiré Desmetstraat",M
"Rue Herman Richir - Herman Richirstraat",M
"Rue Victor Vanderhoeft - Victor Vanderhoeftstraat",M
"Rue Jean-Baptiste Brems - Jean-Baptiste Bremsstraat",M
"Rue Julius Hoste - Julius Hostestraat",M
"Avenue Charles Gilisquet - Charles Gilisquetlaan",M
"Rue Adolphe Marbotin - Adolphe Marbotinstraat",M
"Rue Arthur Roland - Arthur Rolandstraat",M
"Rue Pierre Theunis - Pierre Theunisstraat",M
"Avenue Gustave Latinis - Gustave Latinislaan",M
"Rue Godefroid Guffens - Godefroid Guffensstraat",M
"Avenue Britsiers - Britsierslaan",M
"Rue Caporal Claes - Korporaal Claesstraat",M
"Rue Camille Wollès - Camille Wollèsstraat",M
"Rue Paul Leduc - Paul Leducstraat",M
"Avenue Fortin - Fortinlaan",M
"Boulevard Léopold III - Leopold III-laan",M
"Rue Henri Chomé - Henri Choméstraat",M
"Rue Jul Merckaert - Jul Merckaertstraat",M
"Rue Louis Socquet - Louis Socquetstraat",M
"Rue Paul Hymans - Paul Hymansstraat",M
"Rue Louis Titz - Louis Titzstraat",M
"Boulevard Auguste Reyers - Auguste Reyerslaan",M
"Clos Jean Van Ryn - Jean Van Ryngaarde",M
"Clos André Lagasse - André Lagassegaarde",M
"Clos André Rappe - André Rappegaarde",M
"Clos Marcel Fonteyne - Marcel Fonteynegaarde",M
"Rue Konkel - Konkelstraat",M
"Avenue Louis Jasmin - Louis Jasminlaan",M
"Mont Saint-Lambert - Sint-Lambertusberg",M
"Rue André Crabbe - André Crabbestraat",M
"Rue Fabry - Fabrystraat",M
"Rue Franz Gailliard - Franz Gailliardstraat",M
"Rue Renier Chalon - Renier Chalonstraat",M
"Rue Abbé Cuypers - Priester Cuypersstraat",M
"Cours Saint-Michel - Sint-Michielswarande",M
"Boulevard Général Wahis - Generaal Wahislaan",M
"Boulevard Lambermont - Lambermontlaan",M
"Rue Colonel Bourg - Kolonel Bourgstraat",M
"Avenue Léon Grosjean - Léon Grosjeanlaan",M
"Rue Hugo Verriest - Hugo Verrieststraat",M
"Avenue Léonard Mommaerts - Léonard Mommaertslaan",M
"Rue Jacques Boon - Jacques Boonstraat",M
"Rue Arthur Dehem - Arthur Dehemstraat",M
"Rue Hector Genard - Hector Genardstraat",M
"Rue Paul Bossu - Paul Bossustraat",M
"Rue Colonel Van Gele - Kolonel Van Gelestraat",M
"Place Saint-Pierre - Sint-Pietersplein",M
"Rue Général Tombeur - Generaal Tombeurstraat",M
"Rue Jean Massart - Jean Massartstraat",M
"Rue Léon Scampart - Léon Scampartstraat",M
"Avenue Edouard de Thibault - Edouard de Thibaultlaan",M
"Rue Bruylants - Bruylantsstraat",M
"Rue César Franck - César Franckstraat",M
"Avenue Palmerston - Palmerstonlaan",M
"Rue Boduognat - Boduognatstraat",M
"Rue Charles Martel - Karel Martelstraat",M
"Square Ambiorix - Ambiorixsquare",M
"Rue du Cardinal - Kardinaalstraat",M
"Rue Saint-Quentin - Saint-Quentinstraat",M
"Rue du Taciturne - Willem de Zwijgerstraat",M
"Rue Général Henry - Generaal Henrystraat",M
"Avenue Alexandre Galopin - Alexandre Galopinlaan",M
"Rue Général Molitor - Generaal Molitorstraat",M
"Rue Guillaume Van Laethem - Guillaume Van Laethemstraat",M
"Rue Saint-Joseph - Sint-Jozefstraat",M
"Place Jean de Paduwa - Jean de Paduwaplein",M
"Rue Georges De Lombaerde - Georges De Lombaerdestraat",M
"Allée Paul Ooghe - Paul Ooghedreef",M
"Rue Pierre Schlosser - Pierre Schlosserstraat",M
"Square Jean Hayet - Jean Hayetsquare",M
"Rue James Cook - James Cookstraat",M
"Avenue Eugène Baie - Eugène Baielaan",M
"Avenue Cicéron - Cicerolaan",M
"Avenue Platon - Platolaan",M
"Avenue François Villon - François Villonlaan",M
"Avenue Auguste Vermeylen - Auguste Vermeylenlaan",M
"Rue Frans Hals - Frans Halsstraat",M
"Avenue Franz Guillaume - Franz Guillaumelaan",M
"Avenue Henry Dunant - Henry Dunantlaan",M
"Rue Newton - Newtonstraat",M
"Rue Pierre Dupont - Pieter Dupontstraat",M
"Clos Pierre Dupont - Pierre Dupontgaarde",M
"Rue Fulton - Fultonstraat",M
"Rue Le Tintoret - Tintorettostraat",M
"Rue Le Titien - Titiaanstraat",M
"Rue Véronèse - Veronesestraat",M
"Rue Le Corrège - Corregiostraat",M
"Avenue Constant Permeke - Constant Permekelaan",M
"Rue Edgar Degas - Edgar Degasstraat",M
"Rue Auguste Renoir - Auguste Renoirstraat",M
"Rue Fernand Léger - Fernand Légerstraat",M
"Rue René Magritte - René Magrittestraat",M
"Rue Paul Gauguin - Paul Gauguinstraat",M
"Rue Maurice Utrillo - Maurice Utrillostraat",M
"Avenue Vincent Van Gogh - Vincent Van Goghlaan",M
"Avenue Jules Bordet - Jules Bordetlaan",M
"Avenue Michel-Ange - Michel Angelolaan",M
"Rue Franklin - Franklinstraat",M
"Rue Jan Van Ruusbroeck - Jan Van Ruusbroeckstraat",M
"Avenue Henri Conscience - Hendrik Consciencelaan",M
"Rue Stevin - Stevinstraat",M
"Avenue René Piret - René Piretlaan",M
"Promenade Hippolyte Rolin - Hippolyte Rolinpromenade",M
"Rue Baron Dhanis - Baron Dhanisstraat",M
"Rue Léon Defosset - Léon Defossetstraat",M
"Rue Commandant Ponthier - Kommandant Ponthierstraat",M
"Rue Camille Coquilhat - Camille Coquilhatstraat",M
"Rue Lieutenant Jérôme Becker - Luitenant Jérôme Beckerstraat",M
"Rue Lieutenant Lippens - Luitenant Lippensstraat",M
"Place Aimé Dandoy - Aimé Dandoyplein",M
"Avenue Le Marinel - Le Marinellaan",M
"Avenue Camille Joset - Camille Josetlaan",M
"Boulevard Louis Schmidt - Louis Schmidtlaan",M
"Avenue Hansen-Soulie - Hansen-Soulielaan",M
"Place du Roi Vainqueur - Koning Overwinnaarplein",M
"Rue Aviateur Thieffry - Vlieger Thieffrystraat",M
"Rue Capitaine Joubert - Kapitein Joubertstraat",M
"Rue Cardinal Lavigerie - Kardinaal Lavigeriestraat",M
"Rue Major Pétillon - Majoor Pétillonstraat",M
"Rue Van Campenhout - Van Campenhoutstraat",M
"Avenue Commandant Lothaire - Kommandant Lothairelaan",M
"Rue Baron de Castro - Baron de Castrostraat",M
"Avenue Boileau - Boileaulaan",M
"Avenue Edmond Mesens - Edmond Mesenslaan",M
"Avenue Joseph Vandersmissen - Joseph Vandersmissenlaan",M
"Avenue Édouard Lacomblé - Édouard Lacomblélaan",M
"Avenue Nestor Plissart - Nestor Plissartlaan",M
"Rue Charles De Buck - Charles De Buckstraat",M
"Rue Père Eudore Devroye - Pater Eudore Devroyestraat",M
"Boulevard Saint-Michel - Sint-Michielslaan",M
"Rue Père de Deken - Pater de Dekenstraat",M
"Rue Charles Legrelle - Charles Legrellestraat",M
"Avenue Henri Dietrich - Henri Dietrichlaan",M
"Rue Bâtonnier Braffort - Stafhouder Braffortstraat",M
"Rue Robert Buyck - Robert Buyckstraat",M
"Place Bizet - Bizetplein",M
"Rue Auguste De Boeck - August De Boeckstraat",M
"Rue Henri Deleers - Henri Deleersstraat",M
"Rue Félix De Cuyper - Félix De Cuyperstraat",M
"Rue Godefroid Kurth - Godfroid Kurthstraat",M
"Avenue Frans van Kalken - Frans van Kalkenlaan",M
"Rue Jean-Baptiste Mosselmans - Jan-Baptist Mosselmansstraat",M
"Rue Jacques Houtmeyers - Jaak Houtmeyersstraat",M
"Rue Florimond De Pauw - Florimond De Pauwstraat",M
"Rue Adolphe De Brandt - Adolf De Brandtstraat",M
"Rue Gérard - Gérardstraat",M
"Rue Charles Degroux - Charles Degrouxstraat",M
"Square Jules de Burlet - Jules de Burletplein",M
"Rue Henri de Braeckeleer - Henri de Braeckeleerstraat",M
"Rue Léon de Lantsheere - Léon de Lantsheerestraat",M
"Rue d'Oultremont - d'Oultremontstraat",M
"Avenue François Folie - François Folielaan",M
"Avenue Georges Lecointe - Georges Lecointelaan",M
"Avenue Jean et Pierre Carsoel - Jean en Pierre Carsoellaan",M
"Avenue Louis Thévenet - Louis Thévenetlaan",M
"Clos du Drossart - Drossaardgaarde",M
"Rue Colonel Chaltin - Kolonel Chaltinstraat",M
"Avenue Vanderaey - Vanderaeylaan",M
"Rue Henri Van Zuylen - Henri Van Zuylenstraat",M
"Rue Belliard - Belliardstraat",M
"Rue Breydel - Breydelstraat",M
"Rond-Point Robert Schuman - Robert Schumanplein",M
"Avenue Guillaume Stassart - Guillaume Stassartlaan",M
"Rue Fridtjof Nansen - Fridtjof Nansenstraat",M
"Rue Jean Noté - Jean Notéstraat",M
"Rue Docteur Roux - Dokter Rouxstraat",M
"Rue Claude Debussy - Claude Debussystraat",M
"Rue Félicien Rops - Félicien Ropsstraat",M
"Rue Jacques de Lalaing - Jacques de Lalaingstraat",M
"Square Frère-Orban - Frère-Orbansquare",M
"Rue Guimard - Guimardstraat",M
"Rue Vandenbroeck - Vandenbroeckstraat",M
"Rue Limauge - Limaugestraat",M
"Rue Jenner - Jennerstraat",M
"Rue Vautier - Vautierstraat",M
"Rue Wiertz - Wiertzstraat",M
"Rue Godecharle - Godecharlestraat",M
"Rue Montoyer - Montoyerstraat",M
"Rue Caroly - Carolystraat",M
"Square de Meeûs - de Meeûssquare",M
"Rue Major René Dubreucq - Majoor René Dubreucqstraat",M
"Rue Francart - Francartstraat",M
"Rue Ernest Solvay - Ernest Solvaystraat",M
"Rue Jules Bouillon - Jules Bouillonstraat",M
"Boulevard Maurice Carême - Maurice Carêmelaan",M
"Boulevard Théo Lambert - Théo Lambertlaan",M
"Boulevard Aristide Briand - Aristide Briandlaan",M
"Place Verdi - Verdiplein",M
"Avenue Docteur Zamenhof - Dokter Zamenhoflaan",M
"Place Fernand Cocq - Fernand Cocqplein",M
"Avenue Victor Olivier - Victor Olivierlaan",M
"Rue François Gérard - François Gérardstraat",M
"Rue François Ysewyn - François Ysewynstraat",M
"Rue Professeur Hendrickx - Professor Hendrickxstraat",M
"Rue Pierre Marchant - Pierre Marchantstraat",M
"Rue Georges Lorand - Georges Lorandstraat",M
"Rue Goffart - Goffartstraat",M
"Rue Maes - Maesstraat",M
"Rue Jean Van Volsem - Jean Van Volsemstraat",M
"Place Henri Conscience - Hendrik Conscienceplein",M
"Rue Scarron - Scarronstraat",M
"Place Raymond Blyckaerts - Raymond Blyckaertsplein",M
"Avenue Eugène Ysaye - Eugène Ysayelaan",M
"Square Frans Hals - Frans Halssquare",M
"Rue Guillaume Lekeu - Guillaume Lekeustraat",M
"Rue Chopin - Chopinstraat",M
"Rue Louis van Beethoven - Louis van Beethovenstraat",M
"Rue Antoine Nys - Antoine Nysstraat",M
"Avenue Marius Renard - Marius Renardlaan",M
"Place Martin Luther King - Martin Luther Kingplein",M
"Boulevard Joseph Bracops - Joseph Bracopslaan",M
"Avenue Jean Sibélius - Jean Sibéliuslaan",M
"Rue Capitaine Crespel - Kapitein Crespelstraat",M
"Rue Wéry - Wérystraat",M
"Avenue du Roi-Soldat - Koning-Soldaatlaan",M
"Avenue Charles De Tollenaere - Charles De Tollenaerelaan",M
"Square Victor Voets - Victor Voetssquare",M
"Rue Kerckx - Kerckxstraat",M
"Rue Dillens - Dillensstraat",M
"Place Eugène Flagey - Eugène Flageyplein",M
"Rue Pierre Longin - Pierre Longinstraat",M
"Avenue Romain Rolland - Romain Rollandlaan",M
"Rue Jean Baptiste François Denys - Jean Baptiste François Denysstraat",M
"Avenue Capitaine Fossoul - Kapitein Fossoullaan",M
"Avenue Pierre Beyst - Pierre Beystlaan",M
"Avenue Franklin Roosevelt - Franklin Rooseveltlaan",M
"Rue Félix Bovie - Félix Boviestraat",M
"Rue Alphonse De Witte - Alphonse De Wittestraat",M
"Rue Lanfray - Lanfraystraat",M
"Rue Jean Paquot - Jean Paquotstraat",M
"Rue Alfred Giron - Alfred Gironstraat",M
"Rue Alphonse Hottat - Alphonse Hottatstraat",M
"Rue Antoine Labarre - Antoine Labarrestraat",M
"Rue Borrens - Borrensstraat",M
"Avenue Auguste Rodin - Auguste Rodinlaan",M
"Place Adolphe Sax - Adolphe Saxplein",M
"Avenue Hergé - Hergélaan",M
"Rue Adolphe Mathieu - Adolphe Mathieustraat",M
"Avenue Guillaume Macau - Guillaume Macaulaan",M
"Rue Guillaume Stocq - Guillaume Stocqstraat",M
"Rue Victor Greyson - Victor Greysonstraat",M
"Rue Général Thys - Generaal Thysstraat",M
"Avenue Arnaud Fraiteur - Arnaud Fraiteurlaan",M
"Rue Eugène Cattoir - Eugène Cattoirstraat",M
"Rue Alphonse Renard - Alphonse Renardstraat",M
"Rue Camille Lemonnier - Camille Lemonnierstraat",M
"Avenue Louis Lepoutre - Louis Lepoutrelaan",M
"Rue Émile Bouilliot - Émile Bouilliotstraat",M
"Rue Émile Banning - Émile Banningstraat",M
"Avenue Gounod - Gounodlaan",M
"Rue Edgar Tinel - Edgar Tinelstraat",M
"Rue Henri Vieuxtemps - Henri Vieuxtempsstraat",M
"Rue Lieutenant Liedel - Luitenant Liedelstraat",M
"Rue Théodore Bekaert - Théodore Bekaertstraat",M
"Rue Victor Rauter - Victor Rauterstraat",M
"Avenue Adolphe Buyl - Adolphe Buyllaan",M
"Avenue Général Médecin Derache - Generaal Geneesheer Derachelaan",M
"Rue Félix Waefelaer - Félix Waefelaerstraat",M
"Avenue Émile de Beco - Émile de Becolaan",M
"Rue Léon Cuissez - Léon Cuissezstraat",M
"Rue Gustave Biot - Gustave Biotstraat",M
"Rue Augustin Delporte - Augustin Delportestraat",M
"Rue François Roffiaen - François Roffiaenstraat",M
"Rue Fritz Toussaint - Fritz Toussaintstraat",M
"Rue Henri Marichal - Henri Marichalstraat",M
"Avenue Géo Bernier - Géo Bernierlaan",M
"Avenue Émile Duray - Émile Duraylaan",M
"Rue Calvin - Calvijnstraat",M
"Rue Luther - Lutherstraat",M
"Rue Charles Quint - Keizer Karelstraat",M
"Boulevard Clovis - Clovislaan",M
"Rue John Waterloo Wilson - John Waterloo Wilsonstraat",M
"Avenue Brillat-Savarin - Brillat-Savarinlaan",M
"Avenue Armand Huysmans - Armand Huysmanslaan",M
"Square Robert Goldschmidt - Robert Goldschmidtsquare",M
"Rue Jean Vandeuren - Jean Vandeurenstraat",M
"Rue Léopold Delbove - Léopold Delbovestraat",M
"Rue François Dons - François Donsstraat",M
"Square Valère-Gille - Valère-Gillesquare",M
"Avenue Guillaume Gilbert - Guillaume Gilbertlaan",M
"Avenue Général Dossin de Saint-Georges - Generaal Dossin de Saint-Georgeslaan",M
"Rue Victor Semet - Victor Semetstraat",M
"Rue Simonau - Simonaustraat",M
"Avenue George Bergmann - George Bergmannlaan",M
"Rue Louis Ernotte - Louis Ernottestraat",M
"Avenue du Général de Gaulle - Generaal de Gaullelaan",M
"Rue Vilain XIIII - Vilain XIIII-straat",M
"Rue Lannoy - Lannoystraat",M
"Rue de Stassart - de Stassartstraat",M
"Rue du Prince Albert - Prins Albertstraat",M
"Rue Isidore Verheyden - Isidore Verheydenstraat",M
"Rue Jean d'Ardenne - Jean d'Ardennestraat",M
"Rue Rouen-Bovie - Rouen Boviestraat",M
"Place Houwaert - Houwaertplein",M
"Rue de Hennin - de Henninstraat",M
"Rue Paul Spaak - Paul Spaakstraat",M
"Rue Charles Decoster - Charles Decosterstraat",M
"Rue Van Elewyck - Van Elewyckstraat",M
"Rue Lesbroussart - Lesbroussartstraat",M
"Rue Lens - Lensstraat",M
"Rue Dautzenberg - Dautzenbergstraat",M
"Rue Gachard - Gachardstraat",M
"Square Camille Paulsen - Camille Paulsensquare",M
"Rue Pol Stoppelaere - Pol Stoppelaerestraat",M
"Rue Elskamp - Elskampstraat",M
"Rue Henri Maes - Henri Maesstraat",M
"Rue Adolphe Prins - Adolphe Prinsstraat",M
"Rue Karel Vande Woestijne - Karel Vande Woestijnestraat",M
"Rue Pierre Biddaer - Pierre Biddaerstraat",M
"Avenue Vital Riethuisen - Vital Riethuisenlaan",M
"Avenue du Duc Jean - Hertog Janlaan",M
"Rue Pangaert - Pangaertstraat",M
"Rue Georges Simpson - Georges Simpsonstraat",M
"Rue Louis Delhove - Louis Delhovestraat",M
"Rue Joseph Verhasselt - Joseph Verhasseltstraat",M
"Rue Albert Lacroix - Albert Lacroixstraat",M
"Rue Frans Vervaeck - Frans Vervaeckstraat",M
"Rue Richard Braibant - Richard Braibantstraat",M
"Rue Jean-Baptiste Van Pagé - Jean-Baptiste Van Pagéstraat",M
"Avenue Georges Leclercq - Georges Leclercqlaan",M
"Rue Joseph Druez - Joseph Druezstraat",M
"Rue Léon Matheys - Léon Matheysstraat",M
"Rue Guy Mottard - Guy Mottardstraat",M
"Rue Jean De Greef - Jean De Greefstraat",M
"Clos Saint-Martin - Sint-Martinusgaarde",M
"Avenue Louis De Brouckère - Louis De Brouckèrelaan",M
"Avenue Pieter Goedefroy - Pieter Goedefroylaan",M
"Rue Charles Moens - Charles Moensstraat",M
"Rue Henri Meuwis - Henri Meuwisstraat",M
"Place Guido Gezelle - Guido Gezelleplein",M
"Avenue Mathieu De Jonge - Mathieu De Jongelaan",M
"Avenue Beethoven - Beethovenlaan",M
"Avenue Verdi - Verdilaan",M
"Avenue Richard Mazza - Richard Mazzalaan",M
"Avenue Henri Feuillien - Henri Feuillienlaan",M
"Avenue Joseph Peereboom - Joseph Peereboomlaan",M
"Rue Laurent Heirbaut - Laurent Heirbautstraat",M
"Rue Oscar Maesschalck - Oscar Maesschalckstraat",M
"Rue Alphonse et Maurice Hellinckx - Alphonse en Maurice Hellinckxstraat",M
"Rue Sergent Sorensen - Sergeant Sorensenstraat",M
"Rue Roger Abeels - Roger Abeelsstraat",M
"Rue Auguste De Cock - Auguste De Cockstraat",M
"Rue François Beeckmans - François Beeckmansstraat",M
"Rue Alfred Doulceron - Alfred Doulceronstraat",M
"Rue Albert De Bast - Albert De Baststraat",M
"Rue Maurice Xhoneux - Maurice Xhoneuxstraat",M
"Clos Willy Chambon - Willy Chambongaarde",M
"Clos Louis Banken - Louis Bankengaarde",M
"Clos Joseph Hendrickx - Joseph Hendrickxgaarde",M
"Rue Nestor Martin - Nestor Martinstraat",M
"Avenue de Rusatira - Rusatiralaan",M
"Venelle Mozart - Mozartsteeg",M
"Venelle Schubert - Schubertsteeg",M
"Venelle Chopin - Chopinsteeg",M
"Venelle Vivaldi - Vivaldisteeg",M
"Avenue Jean Sebastien Bach - Johann Sebastian Bachlaan",M
"Rue Léopold Demesmaeker - Léopold Demesmaekerstraat",M
"Rue Victor Lowet - Victor Lowetstraat",M
"Avenue Maxe Smal - Maxe Smallaan",M
"Clos Jacques Wagner - Jacques Wagnergaarde",M
"Clos Edgard Neuberger - Edgard Neubergergaarde",M
"Rue Karel Mertens - Karel Mertensstraat",M
"Rue Adolphe Roobaert - Adolphe Roobaertstraat",M
"Rue Georges Leclercq - Georges Leclercqstraat",M
"Rue De Neck - De Neckstraat",M
"Place Eugène Simonis - Eugène Simonisplein",M
"Rue Léon Fourez - Léon Fourezstraat",M
"Boulevard Léopold II - Leopold II-laan",M
"Rue Houzeau de Lehaie - Houzeau de Lehaiestraat",M
"Rue Deschampheleer - Deschampheleerstraat",M
"Rue Saint-Julien - Sint-Juliaanstraat",M
"Rue Emile Sergijsels - Emile Sergijselsstraat",M
"Rue François Delcoigne - François Delcoignestraat",M
"Rue Van Hoegaerde - Van Hoegaerdestraat",M
"Rue Jean Preckher - Jean Preckherstraat",M
"Rue Schmitz - Schmitzstraat",M
"Rue Antoine Court - Antoine Courtstraat",M
"Rue Jean Jacquet - Jean Jacquetstraat",M
"Rue Philippe Piermez - Philippe Piermezstraat",M
"Rue François Hellinckx - François Hellinckxstraat",M
"Rue Stepman - Stepmanstraat",M
"Rue Léon Autrique - Léon Autriquestraat",M
"Rue Jules Debecker - Jules Debeckerstraat",M
"Rue Albert Dillie - Albert Dilliestraat",M
"Place Henri Vanhuffel - Henri Vanhuffelplein",M
"Rue Van Bergen - Van Bergenstraat",M
"Rue Félix Vande Sande - Félix Vande Sandestraat",M
"Square Félix Vande Sande - Félix Vande Sandesquare",M
"Rue Jules Besme - Jules Besmestraat",M
"Avenue Seghers - Segherslaan",M
"Boulevard Louis Mettewie - Louis Mettewielaan",M
"Avenue Émile Bossaert - Émile Bossaertlaan",M
"Rue Saint-Denis - Sint-Denijsstraat",M
"Avenue Théo Verbeeck - Théo Verbeecklaan",M
"Avenue François Sebrechts - François Sebrechtslaan",M
"Rue M. L. Uytroever - M. L. Uytroeverstraat",M
"Rue Omer Lepreux - Omer Lepreuxstraat",M
"Rue Emile Deroover - Emile Derooverstraat",M
"Avenue Georges Petre - Georges Petrelaan",M
"Rue Eeckelaers - Eeckelaersstraat",M
"Rue Joseph Dekeyn - Joseph Dekeynstraat",M
"Rue Vanderhoeven - Vanderhoevenstraat",M
"Rue Wauwermans - Wauwermansstraat",M
"Avenue Jottrand - Jottrandlaan",M
"Rue Braemt - Braemtstraat",M
"Rue de Liedekerke - de Liedekerkestraat",M
"Square Armand Steurs - Armand Steurssquare",M
"Rue Bonneels - Bonneelsstraat",M
"Rue Willems - Willemsstraat",M
"Rue de Bruyn - de Bruynstraat",M
"Place Saint-Josse - Sint-Joostplein",M
"Rue Amédée Lynen - Amédée Lynenstraat",M
"Rue Charles VI - Karel VI-straat",M
"Rue de Bériot - De Bériotstraat",M
"Rue Scailquin - Scailquinstraat",M
"Place Quetelet - Queteletplein",M
"Avenue Galilée - Galileelaan",M
"Rue Brialmont - Brialmontstraat",M
"Rue Gillon - Gillonstraat",M
"Rue Tiberghien - Tiberghienstraat",M
"Rue Georges Remy - Georges Remystraat",M
"Avenue Josse Goffin - Josse Goffinlaan",M
"Rue Hubert Heymans - Hubert Heymansstraat",M
"Rue Joseph II - Jozef II-straat",M
"Rue Egide Winteroy - Egide Winteroystraat",M
"Rue Auguste Van Zande - Auguste Van Zandestraat",M
"Rue Rembrandt - Rembrandtstraat",M
"Avenue Paul Janson - Paul Jansonlaan",M
"Rue Joseph Genot - Joseph Genotstraat",M
"Rue Wappers - Wappersstraat",M
"Rue Docteur Jacobs - Dokter Jacobsstraat",M
"Avenue Victor et Jules Bertaux - Victor en Jules Bertauxlaan",M
"Rue Hobbema - Hobbemastraat",M
"Rue Van Ostade - Van Ostadestraat",M
"Rue Leys - Leystraat",M
"Rue Murillo - Murillostraat",M
"Rue Georges Matheus - Georges Matheusstraat",M
"Boulevard Saint-Lazare - Sint-Lazaruslaan",M
"Rue Musin - Musinstraat",M
"Rue Saint-François - Sint-Franciscusstraat",M
"Rue Coenraets - Coenraetsstraat",M
"Parc Jean Monnet - Jean Monnetpark",M
"Avenue des Frères Becqué - Gebroeders Becquélaan",M
"Avenue de Selliers de Moranville - de Selliers de Moranvillelaan",M
"Avenue Eugène Godaux - Eugène Godauxlaan",M
"Rue René Henry - René Henrystraat",M
"Rue Emile Versé - Emile Verséstraat",M
"Rue Alphonse Demunter - Alphonse Demunterstraat",M
"Avenue du Roi Albert - Koning Albertlaan",M
"Rue Hubert Blauwet - Hubert Blauwetstraat",M
"Place Docteur Schweitzer - Dokter Schweitzerplein",M
"Rue Auguste Denie - Auguste Deniestraat",M
"Rue Michel Van Nieuwenborgh - Michel Van Nieuwenborghstraat",M
"Rue Louis De Smet - Louis De Smetstraat",M
"Rue Louis Braille - Louis Braillestraat",M
"Rue Emile Heylens - Emile Heylensstraat",M
"Rue Ferdinand Elbers - Ferdinand Elbersstraat",M
"Rue Fik Guidon - Fik Guidonstraat",M
"Avenue Évariste De Meersman - Évariste De Meersmanlaan",M
"Rue Armand De Neuter - Armand De Neuterstraat",M
"Avenue Gisseleire Versé - Gisseleire Versélaan",M
"Avenue René Comhaire - René Comhairelaan",M
"Place Roi Baudouin - Koning Boudewijnplein",M
"Rue Docteur Charles Leemans - Dokter Charles Leemansstraat",M
"Rue Prosper Préser - Prosper Préserstraat",M
"Rue Jean-Baptiste Vandendriesch - Jean Baptiste Vandendrieschstraat",M
"Rue Joseph Mertens - Joseph Mertensstraat",M
"Avenue Jean Dubrucq - Jean Dubrucqlaan",M
"Avenue Van Volxem - Van Volxemlaan",M
"Rue Alfred Orban - Alfred Orbanstraat",M
"Rue Jef Devos - Jef Devosstraat",M
"Rue Pierre Decoster - Pierre Decosterstraat",M
"Rue Edison - Edisonstraat",M
"Rue Berthelot - Berthelotstraat",M
"Boulevard Sylvain Dupuis - Sylvain Dupuislaan",M
"Rue Polydore Moerman - Polydore Moermanstraat",M
"Rue François Mus - François Musstraat",M
"Rue Adolphe Willemyns - Adolphe Willemynsstraat",M
"Rue Mercator - Mercatorstraat",M
"Square Jules Algoet - Jules Algoetsquare",M
"Rue Pierre Gassée - Pierre Gasséestraat",M
"Rue Edmond Van Cauwenbergh - Edmond Van Cauwenberghstraat",M
"Rue Saint Guidon - Sint-Guidostraat",M
"Cours Saint Guidon - Sint-Guidocorso",M
"Rue de Fierlant - de Fierlantstraat",M
"Rue Jean Morjau - Jean Morjaustraat",M
"Rue Gustaaf Vanden Berghe - Gustaaf Vanden Berghestraat",M
"Rue Martin Van Lier - Martin Van Lierstraat",M
"Rue Haeck - Haeckstraat",M
"Avenue Henri Hollevoet - Henri Hollevoetlaan",M
"Rue Vandernoot - Vandernootstraat",M
"Rue Vanderstichelen - Vanderstichelenstraat",M
"Rue Michel Zwaab - Michel Zwaabstraat",M
"Avenue Julien Hanssens - Julien Hanssenslaan",M
"Rue Pierre-Victor Jacobs - Pierre-Victor Jacobsstraat",M
"Rue Vandenboogaerde - Vandenboogaerdestraat",M
"Rue Le Lorrain - Le Lorrainstraat",M
"Rue Bouvier - Bouvierstraat",M
"Rue André Hennebicq - André Hennebicqstraat",M
"Rue de Ribaucourt - de Ribaucourtstraat",M
"Rue Jules Francqui - Jules Francquistraat",M
"Rue Égide Walschaerts - Égide Walschaertsstraat",M
"Rue Ulens - Ulensstraat",M
"Rue Van Meyel - Van Meyelstraat",M
"Rue Jennart - Jennartstraat",M
"Place Saint-Denis - Sint-Denijsplein",M
"Rue Piers - Piersstraat",M
"Rue Mommaerts - Mommaertsstraat",M
"Rue Adolphe Lavallée - Adolphe Lavalléestraat",M
"Rue Eugène Laermans - Eugène Laermansstraat",M
"Rue Jean-Baptiste Vanpé - Jean-Baptiste Vanpéstraat",M
"Rue Rabelais - Rabelaisstraat",M
"Avenue Tolstoï - Tolstoïlaan",M
"Rue Doyen Fierens - Deken Fierensstraat",M
"Rue Caporal Trésignies - Korporaal Trésigniesstraat",M
"Rue André Baillon - André Baillonstraat",M
"Rue Doyen Adriaens - Deken Adriaensstraat",M
"Parvis Saint-Jean-Baptiste - Sint-Jan-Baptistvoorplein",M
"Avenue Général Dumonceau - Generaal Dumonceaulaan",M
"Rue Vandermaelen - Vandermaelenstraat",M
"Rue Tazieaux - Tazieauxstraat",M
"Rue Wauters-Koeckx - Wauters-Koeckxstraat",M
"Place Voltaire - Voltaireplein",M
"Avenue Édouard Bénès - Édouard Bénèslaan",M
"Avenue Mahatma Gandhi - Mahatma Gandhilaan",M
"Rue Marcel Betbèze - Marcel Betbèzestraat",M
"Rue Révérend Père Pire - Eerwaarde Pater Pirestraat",M
"Rue Joseph Schols - Joseph Scholsstraat",M
"Avenue Jean de la Hoese - Jean de la Hoeselaan",M
"Rue Martin Pfeiffer - Martin Pfeifferstraat",M
"Rue Marcel Grüner - Marcel Grünerstraat",M
"Rue Van Soust - Van Souststraat",M
"Rue Auguste Lumière - Auguste Lumièrestraat",M
"Rue Louis Lumière - Louis Lumièrestraat",M
"Rue Louis Corhay - Louis Corhaystraat",M
"Rue Jean Verbiest - Jean Verbieststraat",M
"Place Edmond Leroy - Edmond Leroyplaats",M
"Rue Joseph Diongre - Joseph Diongrestraat",M
"Avenue Carl Requette - Carl Requettelaan",M
"Avenue Edmond Candries - Edmond Candrieslaan",M
"Avenue Joseph Lemaire - Joseph Lemairelaan",M
"Rue Armand de Saulnier - Armand de Saulnierstraat",M
"Rue Van Wambeke - Van Wambekestraat",M
"Boulevard Edmond Machtens - Edmond Machtenslaan",M
"Avenue Joseph Baeck - Joseph Baecklaan",M
"Rue Dubois-Thorn - Dubois-Thornstraat",M
"Square Edmond Machtens - Edmond Machtenssquare",M
"Rue Van Kalck - Van Kalckstraat",M
"Rue Charles Malis - Charles Malisstraat",M
"Rue Alfred Dubois - Alfred Duboisstraat",M
"Rue De Koninck - De Koninckstraat",M
"Rue Henri Nogent - Henri Nogentstraat",M
"Rue Docteur Charles Beudin - Dokter Charles Beudinstraat",M
"Rue Reimond Stijns - Reimond Stijnsstraat",M
"Place Jef Mennekens - Jef Mennekensplaats",M
"Rue Verheyden - Verheydenstraat",M
"Rue Jean-Baptiste Janssen - Jean-Baptiste Janssenstraat",M
"Rue Jules Delhaize - Jules Delhaizestraat",M
"Rue Pierre-J. Demessemaeker - Pierre-J. Demessemaekerstraat",M
"Rue François Van Meulecom - François Van Meulecomstraat",M
"Rue Eugène Degorge - Eugène Degorgestraat",M
"Rue Jules Vieujant - Jules Vieujantstraat",M
"Rue Nicolas Doyen - Nicolas Doyenstraat",M
"Rue Léon Delacroix - Léon Delacroixstraat",M
"Rue Heyvaert - Heyvaertstraat",M
"Rue Alphonse Vandenpeereboom - Alphonse Vandenpeereboomstraat",M
"Rue Pierre Van Humbeek - Pierre Van Humbeekstraat",M
"Rue Edmond Bonehill - Edmond Bonehillstraat",M
"Rue Louis De Gunst - Louis De Gunststraat",M
"Cour Saint-Lazare - Sint-Lazarushof",M
"Rue Jean-Baptiste Decock - Jean-Baptiste Decockstraat",M
"Rue Van Malder - Van Malderstraat",M
"Rue Albert Vanderkindere - Albert Vanderkinderestraat",M
"Rue de Mérode - de Mérodestraat",M
"Rue Isidoor Teirlinck - Isidoor Teirlinckstraat",M
"Rue Vanderstraeten - Vanderstraetenstraat",M
"Rue Henri De Saegher - Henri De Saegherstraat",M
"Rue Vanderdussen - Vanderdussenstraat",M
"Rue Edmond de Grimberghe - Edmond de Grimberghestraat",M
"Rue Cail et Halot - Cail et Halotstraat",M
"Rue Evariste Pierron - Evariste Pierronstraat",M
"Rue Fernand Brunfaut - Fernand Brunfautstraat",M
"Rue Saint-Martin - Sint-Maartenstraat",M
"Rue Max Waller - Max Wallerstraat",M
"Rue Jean-Baptiste Baeck - Jean-Baptiste Baeckstraat",M
"Avenue Stuart Merrill - Stuart Merrilllaan",M
"Avenue Antoon van Oss - Antoon van Osslaan",M
"Place Peter Benoit - Peter Benoitplein",M
"Place Saint-Nicolas - Sint-Nikolaasplein",M
"Rue Charles Cammaert - Karel Cammaertstraat",M
"Rue François Vekemans - Frans Vekemansstraat",M
"Rue Général Biebuyck - Generaal Biebuyckstraat",M
"Rue Général Michel - Generaal Michelstraat",M
"Rue Léon Daumerie - Léon Daumeriestraat",M
"Rue Léon XIII - Leo XIII-straat",M
"Rue Philippe Vander Elst - Filip Vander Elststraat",M
"Rue Saint-Nicolas - Sint-Nikolaasstraat",M
"Rue Saints-Pierre et Paul - Sint-Pieter en Pauwelsstraat",M
"Venelle de l'Alchimiste - Alchemiststeeg",M
"Avenue Denayer - Denayerlaan",M
"Rue Père Damien - Pater Damiaanstraat",M
"Rue Alphonse Vanden Bossche - Alfons Vanden Bosschestraat",M
"Rue Fernand Bernier - Fernand Bernierstraat",M
"Rue Edouard Deknoop - Edward Deknoopstraat",M
"Rue Willebrord Van Perck - Willebrord Van Perckstraat",M
"Rue Pierre Mattheussens - Pieter Mattheussensstraat",M
"Avenue Henri Matisse - Henri Matisselaan",M
"Avenue Jean Brusselmans - Jean Brusselmanslaan",M
"Avenue Louis Piérard - Louis Piérardlaan",M
"Rue Jean-Baptiste Bauwens - Jan-Baptist Bauwensstraat",M
"Square Servaes Hoedemaekers - Servaas Hoedemaekerssquare",M
"Rue Pierre Van Obberghen - Pieter Van Obberghenstraat",M
"Rue Jacques Ballings - Jaak Ballingsstraat",M
"Rue Stroobants - Stroobantsstraat",M
"Rue Jan Frans De Craen - Jan Frans De Craenstraat",M
"Rue Pierre Alderson - Pieter Aldersonstraat",M
"Rue Frans Verdonck - Frans Verdonckstraat",M
"Rue Henri Van Hamme - Hendrik Van Hammestraat",M
"Rue Edouard Stuckens - Edward Stuckensstraat",M
"Rue Hubert Van Hoorde - Hubert Van Hoordestraat",M
"Rue Henri Van Nerom - Hendrik Van Neromstraat",M
"Rue Frans Pepermans - Frans Pepermansstraat",M
"Rue Lodewijk Van Boeckel - Lodewijk Van Boeckelstraat",M
"Square Pieter Hauwaerts - Pieter Hauwaertssquare",M
"Rue Ronsard - Ronsardstraat",M
"Boulevard Shakespeare - Shakespearelaan",M
"Avenue Guillaume Van Leeuw - Willem Van Leeuwlaan",M
"Rue Edouard Dekoster - Edward Dekosterstraat",M
"Rue Arnold Sohie - Arnold Sohiestraat",M
"Rue Gustave Norga - Gustaaf Norgastraat",M
"Rue Frans Léon - Frans Léonstraat",M
"Rue Van Waeyenbergh - Van Waeyenberghstraat",M
"Rue Saint-Vincent - Sint-Vincentiusstraat",M
"Place Saint-Vincent - Sint-Vincentiusplaats",M
"Rue Laurent Vandenhoven - Laurent Vandenhovenstraat",M
"Rue Frans Van Cutsem - Frans Van Cutsemstraat",M
"Rue Servandoni - Servandonistraat",M
"Rue d'Hannetaire - d'Hannetairestraat",M
"Avenue Jean Josée - Jean Joséelaan",M
"Rue Fénelon - Fenelonstraat",M
"Rue Prosper Henri Devos - Prosper Henri Devosstraat",M
"Rue Homère - Homerusstraat",M
"Rue Lamartine - Lamartinestraat",M
"Rue Virgile - Virgiliusstraat",M
"Rue Horace - Horatiusstraat",M
"Rue Arthur Maes - Arthur Maesstraat",M
"Avenue Ferdauci - Ferdaucilaan",M
"Avenue Jean de Bologne - Jean de Bolognelaan",M
"Avenue Van Praet - Van Praetlaan",M
"Avenue de Busleyden - de Busleydenlaan",M
"Rue De Wand - De Wandstraat",M
"Rue Gustave Demanet - Gustave Demanetstraat",M
"Rue Paul Janson - Paul Jansonstraat",M
"Avenue du Général de Ceuninck - Generaal de Ceunincklaan",M
"Avenue Thiriar - Thiriarlaan",M
"Avenue Laënnec - Laënneclaan",M
"Avenue Adrien Bayet - Adrien Bayetlaan",M
"Avenue Edouard Kufferath - Edouard Kufferathlaan",M
"Rue Eugène Hubert - Eugène Hubertstraat",M
"Rue Félix Sterckx - Félix Sterckxstraat",M
"Rue Emile Wauters - Emile Wautersstraat",M
"Avenue Jean Sobieski - Jan Sobieskilaan",M
"Boulevard Émile Bockstael - Emile Bockstaellaan",M
"Rue Pierre Strauwen - Pierre Strauwenstraat",M
"Rue Jean Heymans - Jean Heymansstraat",M
"Rue Jean Laumans - Jean Laumansstraat",M
"Rue Ledeganck - Ledeganckstraat",M
"Square Prince Léopold - Prins Leopoldsquare",M
"Rue Émile Delva - Émile Delvastraat",M
"Rue Alfred Stevens - Alfred Stevensstraat",M
"Rue Alphonse Wauters - Alphonse Wautersstraat",M
"Rue Charles Ramaekers - Charles Ramaekersstraat",M
"Rue Ernest Vander Aa - Ernest Vander Aastraat",M
"Square Prince Charles - Prins Karelsquare",M
"Rue Mathieu Desmaré - Mathieu Desmaréstraat",M
"Rue Mellery - Mellerystraat",M
"Rue Arthur Cosyn - Arthur Cosynstraat",M
"Rue Hubert Stiernet - Hubert Stiernetstraat",M
"Rue Tacquet - Tacquetstraat",M
"Rue Albert - Albertstraat",M
"Rue Léopold I - Leopold I-straat",M
"Rue Victor Mabille - Victor Mabillestraat",M
"Rue Mode Vliebergh - Mode Vlieberghstraat",M
"Rue Fransman - Fransmanstraat",M
"Rue Jan Bollen - Jan Bollenstraat",M
"Rue Steyls - Steylsstraat",M
"Rue Fineau - Fineaustraat",M
"Rue Jacobs-Fontaine - Jacobs-Fontainestraat",M
"Avenue Prudent Bols - Prudent Bolslaan",M
"Rue Thys-Vanham - Thys-Vanhamstraat",M
"Rue Breesch - Breeschstraat",M
"Rue Edmond Tollenaere - Edmond Tollenaerestraat",M
"Rue Charles Demeer - Charles Demeerstraat",M
"Rue Laneau - Laneaustraat",M
"Rue Albert De Meyer - Albert De Meyerstraat",M
"Rue Maurice De Moor - Maurice De Moorstraat",M
"Avenue Richard Neybergh - Richard Neyberghlaan",M
"Rue Louis Wittouck - Louis Wittouckstraat",M
"Place Émile Bockstael - Emile Bockstaelplein",M
"Rue Antoine Clesse - Antoine Clessestraat",M
"Rue Verhoeven - Verhoevenstraat",M
"Rue Niellon - Niellonstraat",M
"Rue Dieudonné Lefèvre - Dieudonné Lefèvrestraat",M
"Rue Ketels - Ketelsstraat",M
"Place Joseph Benoît Willems - Joseph Benoît Willemsplein",M
"Rue Claessens - Claessensstraat",M
"Rue Gustave Schildknecht - Gustave Schildknechtstraat",M
"Rue de Wautier - de Wautierstraat",M
"Rue François Lesnino - François Lesninostraat",M
"Rue Buffon - Buffonstraat",M
"Rue Emile Hellebaut - Emile Hellebautstraat",M
"Boulevard Prince de Liège - Prins van Luiklaan",M
"Avenue Commandant Vander Meeren - Commandant Vander Meerenlaan",M
"Avenue René Berrewaerts - René Berrewaertslaan",M
"Rue François Gay - François Gaystraat",M
"Rue Marcel Buts - Marcel Butsstraat",M
"Avenue Père Damien - Pater Damiaanlaan",M
"Avenue Capitaine Piret - Kapitein Piretlaan",M
"Rue Jean Gérard Eggericx - Jean Gérard Eggericxstraat",M
"Rue Robert Thoreau - Robert Thoreaustraat",M
"Rue Medaets - Medaetsstraat",M
"Rue Martin Lindekens - Martin Lindekensstraat",M
"Rue Julien Vermeersch - Julien Vermeerschstraat",M
"Quai Léon Monnoyer - Léon Monnoyerkaai",M
"Rue Masui Prolongée - Verlengde Masuistraat",M
"Rue Stephenson - Stephensonstraat",M
"Avenue Don Bosco - Don Boscolaan",M
"Avenue Charles Thielemans - Charles Thielemanslaan",M
"Avenue Louis Ceusters - Louis Ceusterslaan",M
"Rue Paul Lancsweert - Paul Lancsweertstraat",M
"Rue Paul Wemaere - Paul Wemaerestraat",M
"Rue Jean Wellens - Jean Wellensstraat",M
"Rue de l'Éclusier Cogge - Sluismeester Coggestraat",M
"Rue Henri Caron - Henri Caronstraat",M
"Rue Maurice Albert Raskin - Maurice Albert Raskinstraat",M
"Rue Joseph Van Boterdael - Joseph Van Boterdaelstraat",M
"Rue Démosthène - Demosthenesstraat",M
"Boulevard Baudouin - Boudewijnlaan",M
"Boulevard Simon Bolivar - Simon Bolivarlaan",M
"Rue Frère-Orban - Frère-Orbanstraat",M
"Rue Glibert - Glibertstraat",M
"Rue Nicolay - Nicolaystraat",M
"Rue Willem De Mol - Willem De Molstraat",M
"Square Sainctelette - Sainctelettesquare",M
"Rue de Formanoir - de Formanoirstraat",M
"Rue François Janssens - François Janssensstraat",M
"Rue Joseph Kelchtermans - Joseph Kelchtermansstraat",M
"Rue Puccini - Puccinistraat",M
"Rue Pierre Vandevoorde - Pierre Vandevoordestraat",M
"Rue Edmond Delcourt - Edmond Delcourtstraat",M
"Rue Kinet - Kinetstraat",M
"Rue Erasme - Erasmusstraat",M
"Avenue Charles Plisnier - Charles Plisnierlaan",M
"Rue Joseph Pavez - Joseph Pavezstraat",M
"Rue Jules Broeren - Jules Broerenstraat",M
"Rue Cyriel Buysse - Cyriel Buyssestraat",M
"Rue Thiernesse - Thiernessestraat",M
"Rue Jacques Manne - Jacques Mannestraat",M
"Rue Commandant Charcot - Commandant Charcotstraat",M
"Rue Jakob Smits - Jakob Smitsstraat",M
"Boulevard Félix Paulsen - Félix Paulsenlaan",M
"Square Henri Rey - Henri Reysquare",M
"Boulevard Maurice Herbette - Maurice Herbettelaan",M
"Avenue Raymond Vander Bruggen - Raymond Vander Bruggenlaan",M
"Avenue Auber - Auberlaan",M
"Rue Achille Jonas - Achille Jonasstraat",M
"Rue Edmond Rostand - Edmond Rostandstraat",M
"Rue Louis Titeca - Louis Titecastraat",M
"Rue Jean Deraeck - Jean Deraeckstraat",M
"Rue Félix Poels - Félix Poelsstraat",M
"Rue Pierre De Cock - Pierre De Cockstraat",M
"Rue Louis Thys - Louis Thysstraat",M
"Rue René Declercq - René Declercqstraat",M
"Rue Léopold De Swaef - Léopold De Swaefstraat",M
"Avenue Léon Debatty - Léon Debattylaan",M
"Boulevard Jules Graindor - Jules Graindorlaan",M
"Rue Denis Verdonck - Denis Verdonckstraat",M
"Avenue Norbert Gille - Norbert Gillelaan",M
"Rue Sylvain Denayer - Sylvain Denayerstraat",M
"Rue Général Ruquoy - Generaal Ruquoystraat",M
"Avenue Marnix - Marnixlaan",M
"Rue d'Egmont - Egmontstraat",M
"Boulevard Brand Whitlock - Brand Whitlocklaan",M
"Place Jean-Baptiste Degrooff - Jean-Baptiste Degrooffplein",M
"Square Vergote - Vergoteplein",M
"Square Levie - Levieplein",M
"Avenue Jules César - Julius Caesarlaan",M
"Rue James Ensor - James Ensorstraat",M
"Avenue Mostinck - Mostincklaan",M
"Avenue Père Hilaire - Pater Hilariuslaan",M
"Avenue Père Agnello - Pater Agnellolaan",M
"Avenue Charles Brassine - Charles Brassinelaan",M
"Avenue Henri Schoofs - Henri Schoofslaan",M
"Clos Lucien Outers - Lucien Outersgaarde",M
"Rue Adolphe Keller - Adolphe Kellerstraat",M
"Rue Liévin Verstraeten - Liévin Verstraetenstraat",M
"Avenue Xavier Henrard - Xavier Henrardlaan",M
"Avenue Armand Scheitler - Armand Scheitlerlaan",M
"Place Jean Jacobs - Jan Jacobsplein",M
"Rue Breughel - Breughelstraat",M
"Rue De Lenglentier - De Lenglentierstraat",M
"Rue Dumonceau - Dumonceaustraat",M
"Rue Evers - Eversstraat",M
"Rue Frédéric Basse - Frédéric Bassestraat",M
"Rue Héger-Bordet - Héger-Bordetstraat",M
"Rue Lacaille - Lacaillestraat",M
"Rue Saint-Ghislain - Sint-Gisleinsstraat",M
"Rue Sallaert - Sallaertstraat",M
"Rue de Wynants - de Wynantsstraat",M
"Place Poelaert - Poelaertplein",M
"Clos Saint-Georges - Sint-Georgiousgaarde",M
"Avenue Marquis de Villalobar - Markies de Villalobarlaan",M
"Avenue Général Baron Empain - Generaal Baron Empainlaan",M
"Avenue Saint-Jean - Sint-Janslaan",M
"Avenue Colonel Daumerie - Kolonel Daumerielaan",M
"Rue Louis Mascré - Louis Mascréstraat",M
"Avenue François Malherbe - François Malherbelaan",M
"Avenue Edmond Parmentier - Edmond Parmentierlaan",M
"Quai Fernand Demets - Fernand Demetskaai",M
"Square Émile Vandervelde - Émile Vanderveldesquare",M
"Rue Gouverneur Nens - Gouverneur Nensstraat",M
"Rue Pierre Delacroix - Pierre Delacroixstraat",M
"Rue Remi Fraeyman - Remi Fraeymanstraat",M
"Rue David Van Bever - David Van Beverstraat",M
"Rue Emmanuel Mertens - Emmanuel Mertensstraat",M
"Rue Dante - Dantestraat",M
"Rue Charles Hanssens - Charles Hanssensstraat",M
"Rue Coppens - Coppensstraat",M
"Rue Ernest Allard - Ernest Allardstraat",M
"Rue Joseph Dupont - Joseph Dupontstraat",M
"Rue Van Moer - Van Moerstraat",M
"Rue Watteeu - Watteeustraat",M
"Rue des Quatre Fils Aymon - Vierheemskinderenstraat",M
"Avenue Louis Van Gorp - Louis Van Gorplaan",M
"Avenue Paule - Paulalaan",M
"Avenue Yvan Lutens - Yvan Lutenslaan",M
"Rue Prévinaire - Prévinairestraat",M
"Rue Docteur Kuborn - Dokter Kubornstraat",M
"Avenue Prince Baudouin - Prins Boudewijnlaan",M
"Avenue Alfred Madoux - Alfred Madouxlaan",M
"Avenue du Manoir d'Anjou - Manoir d'Anjoulaan",M
"Square De Guise - De Guiseplein",M
"Rue Georges Moreau - Georges Moreaustraat",M
"Rue Émile Carpentier - Emile Carpentierstraat",M
"Avenue Jan Olieslagers - Jan Olieslagerslaan",M
"Rue Robert Bosch - Robert Boschstraat",M
"Square Albert Ier - Albert I-square",M
"Place Bara - Baraplein",M
"Rue Bara - Barastraat",M
"Avenue Montgolfier - Montgolfierlaan",M
"Avenue Antoine de Saint-Exupéry - Antoine de Saint-Exupérylaan",M
"Clos Comte De Ferraris - Graaf De Ferrarisgaarde",M
"Rue Charles Parenté - Charles Parentéstraat",M
"Rue Joseph Dujardin - Joseph Dujardinstraat",M
"Rue Pasteur - Pasteurstraat",M
"Rue Auguste Gevaert - Auguste Gevaertstraat",M
"Rue Van Lint - Van Lintstraat",M
"Rue Brogniez - Brogniezstraat",M
"Rue Rossini - Rossinistraat",M
"Rue Grisar - Grisarstraat",M
"Rue de Fiennes - de Fiennesstraat",M
"Rue Raphaël - Raphaëlstraat",M
"Rue Jorez - Jorezstraat",M
"Rue Ruysdael - Ruysdaelstraat",M
"Rue Jules Ruhl - Jules Ruhlstraat",M
"Rue Ropsy Chaudron - Ropsy Chaudronstraat",M
"Rue Bissé - Bisséstraat",M
"Rue Gheude - Gheudestraat",M
"Rue Memling - Memlingstraat",M
"Rue Sergent De Bruyne - Sergeant De Bruynestraat",M
"Avenue Clemenceau - Clemenceaulaan",M
"Boulevard Poincaré - Poincarélaan",M
"Place Alphonse Lemmens - Alphonse Lemmensplein",M
"Rue Abbé Cuylits - Pastoor Cuylitsstraat",M
"Rue Lambert Crickx - Lambert Crickxstraat",M
"Rue Limnander - Limnanderstraat",M
"Rue Moretus - Moretusstraat",M
"Rue Otlet - Otletstraat",M
"Rue Plantin - Plantinstraat",M
"Square Robert Pequeur - Robert Pequeursquare",M
"Avenue Fonsny - Fonsnylaan",M
"Boulevard Jamar - Jamarlaan",M
"Cité Fontainas - Fontainashof",M
"Rue Fontainas - Fontainasstraat",M
"Rue César Depaepe - César Depaepestraat",M
"Avenue Pierre Vander Biest - Pierre Vander Biestlaan",M
"Clos Pierre Vander Biest - Pierre Vander Biestgaarde",M
"Rue Arthur André - Arthur Andréstraat",M
"Rue Jean-Baptiste Dumoulin - Jean-Baptiste Dumoulinstraat",M
"Rue Georges Rosart - Georges Rosartstraat",M
"Rue René Devillers - René Devillersstraat",M
"Rue Jean Lambotte - Jean Lambottestraat",M
"Rue Leopold Rom - Leopold Romstraat",M
"Rue Alexis Mousin - Alexis Mousinstraat",M
"Place Dewandre - Dewandreplein",M
"Rue Alphonse Balis - Alphonse Balisstraat",M
"Avenue Jacques De Meurers - Jacques De Meurerslaan",M
"Avenue Van Crombrugghe - Van Crombrugghelaan",M
"Avenue van der Meerschen - van der Meerschenlaan",M
"Avenue De Biolley - De Biolleylaan",M
"Avenue Joseph Rutten - Joseph Ruttenlaan",M
"Avenue Crokaert - Crokaertlaan",M
"Avenue Jean Volders - Jean Volderslaan",M
"Rue Vanderschrick - Vanderschrickstraat",M
"Avenue Orban - Orbanlaan",M
"Avenue Jules Du Jardin - Jules Du Jardinlaan",M
"Avenue François Peeters - François Peeterslaan",M
"Avenue Baron Albert d'Huart - Baron Albert d'Huartlaan",M
"Avenue Lieutenant Général Pire - Luitenant-Generaal Pirelaan",M
"Rue Félix De Keuster - Félix De Keusterstraat",M
"Rue François Vander Elst - François Vander Elststraat",M
"Avenue Joseph Van Genegen - Joseph Van Genegenlaan",M
"Rue Edouard Gersis - Edouard Gersisstraat",M
"Clos Alberto Santos Dumont - Alberto Santos Dumontgaarde",M
"Clos Jean Mermoz - Jean Mermozgaarde",M
"Rue Henrotte - Henrottestraat",M
"Rue Blockmans - Blockmansstraat",M
"Rue François Desmedt - François Desmedtstraat",M
"Rue Dominique De Jonghe - Dominique De Jonghestraat",M
"Rue Jean-Baptiste Lepage - Jean-Baptiste Lepagestraat",M
"Rue Henri Vandermaelen - Henri Vandermaelenstraat",M
"Rue Jean-Baptiste Verheyden - Jean-Baptiste Verheydenstraat",M
"Place Dumon - Dumonplein",M
"Square Emile des Grées du Loû - Emile des Grées du Loû Square",M
"Rue Defacqz - Defacqzstraat",M
"Avenue Besme - Besmelaan",M
"Place Wappers - Wappersplein",M
"Place Madou - Madouplein",M
"Rue Blaes - Blaesstraat",M
"Boulevard Maurice Lemonnier - Maurice Lemonnierlaan",M
"Galerie Ravenstein - Ravensteingalerij",M
"Place de Jamblinne de Meux - de Jamblinne de Meuxplein",M
"Avenue Secrétin - Secrétinlaan",M
"Cours Paul-Henri Spaak - Paul-Henri Spaak Promenade",M
"Rue Baron Horta - Baron Hortastraat",M
"Clos René Magritte - René Magrittegaarde",M
"Square Jacques Franck - Jacques Francksquare",M
"Rue Émile Lecomte - Émile Lecomtestraat",M
"Avenue Oscar Van Goidtsnoven - Oscar Van Goidtsnovenlaan",M
"Avenue Everard - Everardlaan",M
"Venelle Victor Bourgeois - Victor Bourgeoissteeg",M
"Avenue Roger Lallemand - Roger Lallemandlaan",M
"Carré Meert - Meertblok",M
"Rue t'Serclaes - t'Serclaesstraat",M
"Allée Pierre Levie - Pierre Leviepad",M
"Place Gustave Pattyn - Gustave Pattynplein",M
"Place Max Tircher - Max Tircherplein",M
"Place Saint-Géry - Sint-Goriksplein",M
"Square Albert Devèze - Albert Devèzesquare",M
"Rue Lambermont - Lambermontstraat",M
"Rue Jean Stas - Jean Stasstraat",M
"Rue Jourdan - Jourdanstraat",M
"Rue Dejoncker - Dejonckerstraat",M
"Rue Simonis - Simonisstraat",M
"Rue Faider - Faiderstraat",M
"Rue Paul Émile Janson - Paul Émile Jansonstraat",M
"Rue Veydt - Veydtstraat",M
"Rue Blanche - Blanchestraat",M
"Rue Bosquet - Bosquetstraat",M
"Rue Tasson-Snel - Tasson-Snelstraat",M
"Avenue Brugmann - Brugmannlaan",M
"Rue Moris - Morisstraat",M
"Rue Maurice Wilmotte - Maurice Wilmottestraat",M
"Rue Louis Coenen - Louis Coenenstraat",M
"Avenue Paul Dejaer - Paul Dejaerlaan",M
"Avenue Adolphe Demeur - Adolphe Demeurlaan",M
"Rue Capouillet - Capouilletstraat",M
"Rue Lebeau - Lebeaustraat",M
"Square Charles Lagrange - Charles Lagrangesquare",M
"Rue Joseph Stevens - Joseph Stevensstraat",M
"Avenue Léopold III - Leopold III-laan",M
"Rond-Point Jean Offenberg - Jean Offenbergplein",M
"Avenue du Compte Moens De Fernig - Graaf Moens De Ferniglaan",M
"Rond-point Winston Churchill - Winston Churchillplein",M
"Avenue Winston Churchill - Winston Churchilllaan",M
"Avenue Albert - Albertlaan",M
"Rond-Point Henri Nestlé - Henri Nestléplein",M
"Square Émile Vander Bruggen - Émile Vander Bruggensquare",M
"Rue Berckmans - Berckmansstraat",M
"Place Loix - Loixplein",M
"Avenue Henri Jaspar - Henri Jasparlaan",M
"Boulevard Barthélémy - Barthelemylaan",M
"Rue Ernest Blerot - Ernest Blerotstraat",M
"Pont Fernand Demany - Fernand Demanybrug",M
"Square Eugène Plasky - Eugène Plaskysquare",M
"Rue Rasson - Rassonstraat",M
"Place Général Meiser - Generaal Meiserplein",M
"Rond Point Henri Simonet - Henri Simonetplein",M
"Avenue Rogier - Rogierlaan",M
"Boulevard Charlemagne - Karel de Grotelaan",M
"Rue Jenneval - Jennevalstraat",M
"Rue Philippe le Bon - Filips de Goedestraat",M
"Rue Roger van der Weyden - Rogier van der Weydenstraat",M
"Rue Archimède - Archimedesstraat",M
"Avenue des Frères Legrain - Gebroeders Legrainlaan",M
"Rue Melsens - Melsensstraat",M
"Rue Henri Maus - Henri Mausstraat",M
"Square Albert Verhaeren - Albert Verhaerensquare",M
"Rue Lambert Vandervelde - Lambert Vanderveldestraat",M
"Rue Edouard Olivier - Edouard Olivierstraat",M
"Rue Grétry - Grétrystraat",M
"Rue d'Accolay - Accolaystraat",M
"Rue Saint-Jean - Sint-Jansstraat",M
"Place de l'Albertine - Albertinaplein",M
"Boulevard Pachéco - Pachecolaan",M
"Rue Auguste Orts - Auguste Ortsstraat",M
"Rue Saint-Christophe - Sint-Kristoffelsstraat",M
"Rue Pletinckx - Pletinckxstraat",M
"Rue T'Kint - T'Kintstraat",M
"Rue Van Artevelde - Arteveldestraat",M
"Rue Saint-Géry - Sint-Goriksstraat",M
"Rue Philippe de Champagne - Philippe de Champagnestraat",M
"Rue Saint-Laurent - Sint-Laurensstraat",M
"Boulevard Prince de Liège - Prins van Luikstraat",M
"Place Henri De Smet - Henri De Smetplein",M
"Avenue Ambassadeur Van Vollenhoven - Ambassadeur Van Vollenhovenlaan",M
"Avenue de Saint-Job - Sint-Jobselaan",M
"Square Jef Dillen - Jef Dillensquare",M
"Square Égide Rombaux - Égide Rombauxsquare",M
"Rond-Point Pierre de Tollenaere - Pierre de Tollenaereplein",M
"Rue Simons - Simonsstraat",M
"Tunnel Léopold II - Leopold II-tunnel",M
"Boulevard Emile Jacqmain - Emile Jacqmainlaan",M
"Place De Brouckère - De Brouckèreplein",M
"Boulevard Adolphe Max - Adolphe Maxlaan",M
"Rue Saint-Michel - Sint-Michielsstraat",M
"Rue Antoine Dansaert - Antoine Dansaertstraat",M
"Boulevard Anspach - Anspachlaan",M
"Rue Paul Devaux - Paul Devauxstraat",M
"Rue Marcq - Marcqstraat",M
"Rue Saint-Jean Népomucène - Sint-Jan Nepomucenusstraat",M
"Rue Saint-Roch - Sint-Rochusstraat",M
"Rue Léon Lepage - Léon Lepagestraat",M
"Rue Saint-Pierre - Sint-Pietersstraat",M
"Rue Saint-André - Sint-Andriesstraat",M
"Rue Camusel - Camuselstraat",M
"Rue Jules Cockx - Jules Cockxstraat",M
"Avenue Charles Michiels - Charles Michielslaan",M
"Rue Ravenstein - Ravensteinstraat",M
"Rue Cuerens - Cuerensstraat",M
"Rue Vandenbranden - Vandenbrandenstraat",M
"Place Albert Leemans - Albert Leemansplein",M
"Rue Armand Campenhout - Armand Campenhoutstraat",M
"Square Henri Michaux - Henri Michauxsquare",M
"Rue Buchholtz - Buchholtzstraat",M
"Rue Hector Denis - Hector Denisstraat",M
"Place Charles Graux - Charles Grauxplein",M
"Place Georges Brugmann - Georges Brugmannplein",M
"Rue Général Lotz - Generaal Lotzstraat",M
"Rue Louis Hymans - Louis Hymansstraat",M
"Place Guy d'Arezzo - Guido van Arezzoplein",M
"Rue Jules Lejeune - Jules Lejeunestraat",M
"Avenue Molière - Molièrelaan",M
"Rue Jean Chapelié - Jean Chapeliéstraat",M
"Rue Vanderkindere - Vanderkinderestraat",M
"Rue Edmond Picard - Edmond Picardstraat",M
"Rue Jean-Baptiste Meunier - Jean-Baptiste Meunierstraat",M
"Rue Darwin - Darwinstraat",M
"Rue Léon Jouret - Léon Jouretstraat",M
"Rue Saint-Bernard - Sint-Bernardusstraat",M
"Avenue Ducpétiaux - Ducpétiauxlaan",M
"Avenue Jef Lambeaux - Jef Lambeauxlaan",M
"Square Larousse - Laroussesquare",M
"Rue Félix Delhasse - Félix Delhassestraat",M
"Rue Saint-Georges - Sint-Jorisstraat",M
"Rue Van Eyck - Van Eyckstraat",M
"Rue De Praetere - De Praeterestraat",M
"Rue Paul Lauters - Paul Lautersstraat",M
"Rue Général Patton - Generaal Pattonstraat",M
"Rue Stanley - Stanleystraat",M
"Rue Bodeghem - Bodegemsestraat",M
"Rue Joseph Hazard - Joseph Hazardstraat",M
"Rue Meyerbeer - Meyerbeerstraat",M
"Place Constantin Meunier - Constantin Meunierplein",M
"Rue Marconi - Marconistraat",M
"Place Anneessens - Anneessensplein",M
"Rue Jean Robie - Jean Robiestraat",M
"Rue Garibaldi - Garibaldistraat",M
"Rue Théodore Verhaegen - Théodore Verhaegenstraat",M
"Rue Crickx - Crickxstraat",M
"Rue Gustave Defnet - Gustave Defnetstraat",M
"Rue Guillaume Tell - Willem Tellstraat",M
"Rue Van Helmont - Van Helmontstraat",M
"Rue Rouppe - Rouppestraat",M
"Place Fontainas - Fontainasplein",M
"Place Alexandre Pouchkine - Alexander Poesjkinplein",M
"Rue Jean de Brouchoven de Bergeyck - Jean de Brouchoven de Bergeyckstraat",M
"Rue Émile Feron - Émile Feronstraat",M
"Rue Joseph Claes - Joseph Claesstraat",M
"Boulevard Guillaume Van Haelen - Guillaume Van Haelenlaan",M
"Rue Vandermeulen - Vandermeulenstraat",M
"Avenue Roger Vandendriessche - Roger Vandendriesschelaan",M
"Place Marcel Broodthaers - Marcel Broodthaersplein",M
"Drève de Saint-Hubert - Sint-Hubertusdreef",M
"Place Hermann Dumont - Hermann Dumontplein",M
"Place Louis Morichar - Louis Moricharplein",M
"Rue Saint-Alphonse - Sint-Alfonsstraat",M
"Rue Gineste - Ginestestraat",M
"Place Saint-Lazare - Sint-Lazarusplein",M
"Rue Godefroid de Bouillon - Godfried van Bouillonstraat",M
"Rue Brederode - Brederodestraat",M
"Avenue Livingstone - Livingstonelaan",M
"Rue Bordiau - Bordiaustraat",M
"Avenue Victor Rousseau - Victor Rousseaulaan",M
"Avenue Massenet - Massenetlaan",M
"Avenue Charbo - Charbolaan",M
"Avenue Félix Marchal - Félix Marchallaan",M
"Avenue Saint-Augustin - Sint-Augustinuslaan",M
"Rue Edouard Branly - Edouard Branlystraat",M
"Avenue Maréchal Joffre - Maarschalk Joffrelaan",M
"Avenue Neptune - Neptunuslaan",M
"Avenue Mozart - Mozartlaan",M
"Avenue Coghen - Coghenlaan",M
"Rue Joseph Bens - Joseph Bensstraat",M
"Place Jean Vander Elst - Jean Vander Elstplein",M
"Avenue Télémaque - Telemachuslaan",M
"Rue Henri Maubel - Henri Maubelstraat",M
"Avenue Léo Errera - Léo Erreralaan",M
"Rue Joseph Stallaert - Joseph Stallaertstraat",M
"Avenue René Gobert - René Gobertlaan",M
"Rue Dodonée - Dodonéestraat",M
"Rue Roberts Jones - Roberts Jonesstraat",M
"Rue Prosper Matthys - Prosper Matthysstraat",M
"Rue Baron Guillaume Van Hamme - Baron Guillaume Van Hammestraat",M
"Rue Auguste Danse - Auguste Dansestraat",M
"Rue Victor Allard - Victor Allardstraat",M
"Avenue Adolphe Wansart - Adolphe Wansartlaan",M
"Avenue Joseph Jongen - Joseph Jongenlaan",M
"Avenue Arnold Delvaux - Arnold Delvauxlaan",M
"Rue Robert Scott - Robert Scottstraat",M
"Place Émile Danco - Émile Dancoplein",M
"Rue Charles Bernaerts - Charles Bernaertsstraat",M
"Avenue Guillaume Herinckx - Guillaume Herinckxlaan",M
"Chaussée de Saint-Job - Sint-Jobsesteenweg",M
"Avenue Groelstveld - Groelstveldlaan",M
"Rue Copernic - Copernicusstraat",M
"Avenue Victor-Emmanuel III - Victor-Emmanuel III laan",M
"Rue de Wansijn - de Wansijnstraat",M
"Avenue Alphonse XIII - Alphonse XIII laan",M
"Square Baron Alfred Bouvier - Baron Alfred Bouviersquare",M
"Rue André Fauchille - André Fauchillestraat",M
"Rue Saint-Hubert - Sint-Huibrechtsstraat",M
"Place Thomas Balis - Thomas Balisplein",M
"Square Jean-Baptiste De Greef - Jean-Baptiste De Greefsquare",M
"Rue Maurice Charlent - Maurice Charlentstraat",M
"Rue Charles Lechat - Charles Lechatstraat",M
"Rue Théophile Vander Elst - Théophile Vander Elststraat",M
"Avenue Edmond Van Nieuwenhuyse - Edmond Van Nieuwenhuyselaan",M
"Place Léopold Wiener - Léopold Wienerplein",M
"Avenue Charle-Albert - Charle-Albertlaan",M
"Avenue Charles Madoux - Charles Madouxlaan",M
"Tunnel Montgomery - Montgomerytunnel",M
"Rue Arthur Diderich - Arthur Diderichstraat",M
"Rue François Ruytinx - François Ruytinxstraat",M
"Avenue Louis Vander Swaelmen - Louis Vander Swaelmenlaan",M
"Avenue Georges Benoidt - Georges Benoidtlaan",M
"Allée Jacques Wiener - Jacques Wienerdreef",M
"Place Edouard Pinoy - Edouard Pinoyplein",M
"Avenue Théo Vanpé - Théo Vanpélaan",M
"Avenue Général Merjay - Generaal Merjaylaan",M
"Avenue Jean Vanhaelen - Jean Vanhaelenlaan",M
"Avenue François-Bernard Verboven - François-Bernard Verbovenlaan",M
"Avenue Gustave Demey - Gustave Demeylaan",M
"Avenue Ernest Claes - Ernest Claeslaan",M
"Avenue Gaston De Gryse - Gaston De Gryselaan",M
"Avenue Charles Dierickx - Charles Dierickxlaan",M
"Avenue Daniel Boon - Daniel Boonlaan",M
"Avenue Joseph Chaudron - Joseph Chaudronlaan",M
"Rue Pierre Schoonejans - Pierre Schoonejansstraat",M
"Avenue des Frères Goemaere - Gebroeders Goemaerelaan",M
"Avenue Joseph Borlé - Joseph Borlélaan",M
"Avenue Jolé - Jolélaan",M
"Avenue René Stevens - René Stevenslaan",M
"Rue Emile Rotiers - Emile Rotiersstraat",M
"Avenue Jean Van Horenbeeck - Jean Van Horenbeecklaan",M
"Avenue Charles Schaller - Charles Schallerlaan",M
"Rue Jean Ekelmans - Jean Ekelmansstraat",M
"Rue Franciscus Vandevelde - Franciscus Vandeveldestraat",M
"Avenue Victor Moreau - Victor Moreaulaan",M
"Rue François Bekaert - François Bekaertstraat",M
"Avenue Léopold Florent Lambin - Leopold Florent Lambinlaan",M
"Rue Henri Van Antwerpen - Henri Van Antwerpenstraat",M
"Avenue Paul Vanden Thoren - Paul Vanden Thorenlaan",M
"Rue Jean-Baptiste Vandercammen - Jean-Baptiste Vandercammenstraat",M
"Rue Firmin Martin - Firmin Martinstraat",M
"Rue Léon Vande Woesteyne - Léon Vande Woesteynestraat",M
"Rue Paul Emile Lessire - Paul Emile Lessirestraat",M
"Rue Antonius Dewinter - Antonius Dewinterstraat",M
"Rue René Christiaens - René Christiaensstraat",M
"Rue Jean-Baptiste Vannypen - Jean-Baptiste Vannypenstraat",M
"Square Antoine Vanlindt - Antoine Vanlindtsquare",M
"Rue Henri Deraedt - Henri Deraedtstraat",M
"Rue Egide Charles Bouvier - Egide Charles Bouvierstraat",M
"Rue Jacques Bassem - Jacques Bassemstraat",M
"Avenue Pierre Devis - Pierre Devislaan",M
"Avenue Paul Verheyleweghen - Paul Verheyleweghenlaan",M
"Avenue Guillaume Detroch - Guillaume Detrochlaan",M
"Avenue Paul-Henri Spaak - Paul-Henri Spaaklaan",M
"Rue de Ligne - de Lignestraat",M
"Rue Steens - Steensstraat",M
"Rue Georges Ugeux - Georges Ugeuxstraat",M
"Rue du Cardinal Mercier - Kardinaal Mercierstraat",M
"Tunnel Reyers - Reyerstunnel",M
"Avenue du Prince d'Orange - Prins van Oranjelaan",M
"Passage Charles Rogier - Karel Rogier doorgang",M
"Rue Liedts - Liedtsstraat",M
"Place Lehon - Lehonplein",M
"Rue Verwée - Verwéestraat",M
"Rue François Degreef - François Degreefstraat",M
"Avenue Louis Bertrand - Louis Bertrandlaan",M
"Rue Herman - Hermanstraat",M
"Avenue de Waha - Wahalaan",M
"Rue Émile Idiers - Émile Idiersstraat",M
"Avenue Jules Génicot - Jules Génicotlaan",M
"Avenue Tedesco - Tedescolaan",M
"Avenue Emile Laine - Emile Lainelaan",M
"Avenue Edouard Keilig - Edouard Keiliglaan",M
"Avenue Louis Fuchs - Louis Fuchslaan",M
"Avenue A. J. Slegers - A. J. Slegerslaan",M
"Avenue Dolez - Dolezlaan",M
"Avenue Bonaparte - Bonapartelaan",M
"Avenue Napoléon - Napoléonlaan",M
"Avenue Maréchal Ney - Maarschalk Neylaan",M
"Avenue Blücher - Blücherlaan",M
"Avenue d'Orbaix - D'Orbaixlaan",M
"Avenue Jean Burgers - Jean Burgerslaan",M
"Avenue Maxime Van Praag - Maxime Van Praaglaan",M
"Avenue Henri Elleboudt - Henri Elleboudtlaan",M
"Avenue Adolphe Dupuich - Adolphe Dupuichlaan",M
"Avenue Brunard - Brunardlaan",M
"Place Dailly - Daillyplein",M
"Place Colonel Bremer - Kolonel Bremerplein",M
"Avenue Dailly - Daillylaan",M
"Rue Goossens - Goossensstraat",M
"Avenue Joseph Divoort - Joseph Divoortlaan",M
"Allée Jean de La Fontaine - Jean de la Fontainelaan",M
"Rond Point Charles Solau - Charles Solauplein",M
"Avenue du Prince de Ligne - Prins de Lignelaan",M
"Rue Sterckx - Sterckxstraat",M
"Rue Ortélius - Orteliusstraat",M
"Avenue Frans Courtens - Frans Courtenslaan",M
"Rue Willy Coppens - Willy Coppensstraat",M
"Avenue Delleur - Delleurlaan",M
"Avenue Jacques Georgin - Jacques Georginlaan",M
"Rue De Crayer - De Crayerstraat",M
"Rue Jacques Jordaens - Jakob Jordaensstraat",M
"Square Van Bever - Van Beversquare",M
"Avenue André Ryckmans - André Ryckmanslaan",M
"Avenue René Coulbaut - René Coulbautlaan",M
"Avenue Louis Vercauteren - Louis Vercauterenlaan",M
"Avenue Roger Hainaut - Roger Hainautlaan",M
"Avenue Isidore Gérard - Isidore Gérardlaan",M
"Rue Albert Krings - Albert Kringsstraat",M
"Rue Auguste Beernaert - Auguste Beernaertstraat",M
"Place Rik Wouters - Rik Woutersplein",M
"Rue Kindermans - Kindermansstraat",M
"Rue Joseph Cuylits - Joseph Cuylitsstraat",M
"Avenue Henri Pirenne - Henri Pirennelaan",M
"Rue Van Maerlant - Van Maerlantstraat",M
"Avenue Gabriel Fauré - Gabriel Faurélaan",M
"Square Lainé - Lainésquare",M
"Rue Victor Gambier - Victor Gambierstraat",M
"Rue Emile Regard - Emile Regardstraat",M
"Clos Dandoy - Dandoygaarde",M
"Avenue Albert Lancaster - Albert Lancasterlaan",M
"Rue Jean Benaets - Jean Benaetsstraat",M
"Avenue Louis-Léopold Vander Swaelmen - Louis-Léopold Vander Swaelmenlaan",M
"Rue Lincoln - Lincolnstraat",M
"Rue Ernest Gossart - Ernest Gossartstraat",M
"Avenue Hamoir - Hamoirlaan",M
"Avenue Ptolémée - Ptolemeelaan",M
"Rue François Vervloet - François Vervloetstraat",M
"Square Baron Robert Hankar - Baron Robert Hankarsquare",M
"Avenue de Foestraets - de Foestraetslaan",M
"Drève Saint-Hubert - Sint-Hubertusdreef",M
"Avenue Zaman - Zamanlaan",M
"Rue d'Huart - d'Huartstraat",M
"Avenue Hippolyte Boulenger - Hippolyte Boulengerlaan",M
"Avenue Pierre d'Union - Pierre d'Unionlaan",M
"Avenue Wellington - Wellingtonlaan",M
"Avenue Joseph Wybran - Joseph Wybranlaan",M
"Rue Tielemans - Tielemansstraat",M
"Place Julien Dillens - Julien Dillensplein",M
"Chemin Alfred Hitchcock - Alfred Hitchcockweg",M
"Chemin Luis Bunuel - Luis Bunuelweg",M
"Passage Stan Laurel - Stan Laurel Doorgang",M
"Promenade Jacques Ledoux - Jacques Ledoux Wandeling",M
"Chemin Bourvil - Bourvilweg",M
"Rue J. B. Moyens - J. B. Moyensstraat",M
"Promenade Gérard Philippe - Gérard-Philippewandelpad",M
"Chemin François Truffaut - François Truffautweg",M
"Passage Oliver Hardy - Oliver Hardydoorgang",M
"Rue Saint-Lazare - Sint-Lazarusstraat",M
"Rue Franz Merjay - Franz Merjaystraat",M
"Rue Mignot Delstanche - Mignot Delstanchestraat",M
"Avenue Alfred Solvay - Alfred Solvaylaan",M
"Passage Joe Van Holsbeeck - Joe Van Holsbeeckpassage",M
"Clos Theodore de Cuyper - Theodore de Cuypergaarde",M
"Kolonel Bourgstraat",M
"Rue Saints Pierre et Paul - Sint-Pieter-en-Pauwelstraat",M
"Place Maurice Van Meenen - Maurice Van Meenenplein",M
"Place Liedts - Liedtsplein",M
"Esplanade Paul-Henri Spaak - Paul-Henri Spaakvoorplein",M
"Avenue Victor Tahon - Victor Tahonlaan",M
"Place Salvador Allende - Salvador Allendeplein",M
"Place Antoine Delporte - Antoine Delporteplein",M
"Rue Henri-François Moreels - Henri-François Moreelsstraat",M
"Rue Baron Perelman - Baron Perelmanstraat",M
"Parvis Saint-Antoine - Sint-Antoniusvoorplein",M
"Rue Joseph Plateau - Josef Plateaustraat",M
"Rue Vlogaert - Vlogaertstraat",M
"Square Charles Jordens - Charles Jordenssquare",M
"Clos Bourgmestre De Keyser - Burgemeester De Keysergaarde",M
"Clos de l'Abbé Froidure - Priester Froiduregaarde",M
"Square Jean Absil - Jean Absilsquare",M
"Rue Maurice Liétart - Maurice Liétartstraat",M
"Place Victor Horta - Victor Hortaplein",M
"Pont Van Praet - Van Praetbrug",M
"Cité Jourdan - Jourdan Wijk",M
"Rue Papenkasteel - Papenkasteelstraat",M
"Square Jules De Trooz - Jules De Troozsquare",M
"Avenue Antoine Depage - Antoine Depagelaan",M
"Rue Antoine Bréart - Antoine Bréartstraat",M
"Allée Charles Viane - Charles Vianedreef",M
"Allée Jacques Brel - Jacques Breldreef",M
"Allée Paul Auguste Masui - Paul Auguste Masuidreef",M
"Avenue Bourgmestre Jean Herinckx - Burgemeester Jean Herinckxlaan",M
"Avenue Guillaume Crock - Guillaume Crocklaan",M
"Avenue Herrmann Debroux - Herrmann Debrouxlaan",M
"Rue Jean-Baptiste Desmeth - Jan-Baptist Desmethstraat",M
"Rue Zinner - Zinnerstraat",M
"Avenue Charles d'Orjo de Marchovelette - Charles d'Orjo de Marchovelettelaan",M
"Avenue Jacques Pastur - Jacques Pasturlaan",M
"Place Louis Steens - Louis Steensplein",M
"Avenue Paul Héger - Paul Hégerlaan",M
"Rue Major Brück - Majoor Brückstraat",M
"Avenue Émile Van Becelaere - Émile Van Becelaerelaan",M
"Place Jean Rey - Jean Reyplein",M
"Rue Charles Lemaire - Charles Lemairestraat",M
"Place Eugène Verboekhoven - Eugène Verboekhovenplein",M
"Rue Alphonse Asselbergs - Alphonse Asselbergsstraat",M
"Place Antoine Gilson - Antoine Gilsonplein",M
"Rue Geefs - Geefsstraat",M
"Place Léon Wielemans - Léon Wielemansplein",M
"Rue Louis Jasmin - Louis Jasminstraat",M
"Ferdinand Kinnenstraat - Rue Ferdinand Kinnen",M
"Avenue Jules Buyssens - Jules Buyssenslaan",M
"Rue Emile Steeno - Emile Steenostraat",M
"Avenue Hector Gobert - Hector Gobertlaan",M
"Clos Albert Crommelynck - Albert Crommelynckgaarde",M
"Avenue Louis Dehoux - Louis Dehouxlaan",M
"Avenue Maurice Van Hemelrijck - Maurice Van Hemelrijcklaan",M
"Rue Pierre Vereman - Pierre Veremanstraat",M
"Place Oscar Ruelens - Oscar Ruelensplein",M
"Rue Paul Hankar - Paul Hankarstraat",M
"Sentier Guy Demanet - Guy Demanetpad",M
"Rue Professeur Hustin - Professor Hustinstraat",M
"Rue Pierre Géruzet - Pierre Géruzetstraat",M
"Avenue François-Élie Van Elderen - François-Élie Van Elderenlaan",M
"Rue Henri Ver Eycken - Henri Ver Eyckenstraat",M
"Rue Général Mac Arthur - Generaal Mac Arthurstraat",M
"Rue Jean-Baptiste Colyns - Jean-Baptiste Colynsstraat",M
"Avenue Docteur Decroly - Dokter Decrolylaan",M
"Rue Ter Elst - Ter Elststraat",M
"Square Maréchal Montgomery - Maarschalk Montgomeryplein",M
"Clos Joseph Hanse - Joseph Hanse hof",M
"Rue Maurice Poedts - Maurice Poedtsstraat",M
"Rue Hubert-Jean Coenen - Hubert-Jean Coenenstraat",M
"Rue Guy-Jean Verachtert - Guy-Jean Verachtertstraat",M
"Avenue Jean Charlier - Jean Charlierlaan",M
"Rue Gustave Timmermans - Gustave Timmermansstraat",M
"Rue Henri Simons - Henri Simonsstraat",M
"Rue Roosendael - Roosendaelstraat",M
"Place François Bossuet - François Bossuetplein",M
"Place Hervé Brouhon - Hervé Brouhonplein",M
"Rue Jean Ballegeer - Jean Ballegeerstraat",M
"Square Félix Delhaye - Félix Delhayesquare",M
"Rue Albert Meunier - Albert Meunierstraat",M
"Rue Alexis Willem - Alexis Willemstraat",M
"Rue Philippe Dewolfs - Philippe Dewolfsstraat",M
"Rue du Lieutenant Lotin - Luitenant Lotinstraat",M
"Rue Van Ysendyck - Van Ysendyckstraat",M
"Rue Béranger - Bérangerstraat",M
"Allée Henri Quittelier - Henri Quittelierdreef",M
"Allée Claude Lyr - Claude Lyrdreef",M
"Rue Jean-Baptiste Labarre - Jean-Baptiste Labarrestraat",M
"Allée Henri Roidot - Henri Roidotdreef",M
"Allée Hergé - Hergédreef",M
"Allée Fernand Dineur - Fernand Dineurdreef",M
"Rue De Broyer - De Broyerstraat",M
"Rue Jan Verbesselt - Jan Verbesseltstraat",M
"Avenue René Lyr - René Lyrlaan",M
"Rue Joseph Vanderlinden - Joseph Vanderlindenstraat",M
"Rue Hancart - Hancartstraat",M
"Rue Armand de Roo - Armand de Roostraat",M
"Avenue Reinaert de Vos - Reinaert de Voslaan",M
"Impasse Saint-Jacques - Sint-Jakobsgang",M
"Avenue Lloyd George - Lloyd Georgelaan",M
"Avenue Émile De Mot - Émile De Motlaan",M
"Square Léon Jacquet - Léon Jacquetsquare",M
"Rue Ernest Laude - Ernest Laudestraat",M
"Place Pogge - Poggeplein",M
"Pont Borée - Boreabrug",M
"Place Félix Govaert - Félix Govaertplein",M
"Place Vanhuffel - Vanhuffelplein",M
"Avenue Ilya Prigogine - Ilya Prigoginelaan",M
"Dr. A. Schweitzerlaan - Avenue Dr. A. Schweitzer",M
"Rue Emile Pathé - Emile Pathéstraat",M
"Allée Peyo - Peyodreef",M
"Allée Jean-Michel Charlier - Jean-Michel Charlierdreef",M
"Allée Kurt Peiser - Kurt Peiserdreef",M
"Allée Raymond Dierickx - Raymond Dierickxdreef",M
"Avenue de l'Aiglon - Aiglonlaan",M
"Rue Camille Van Exter - Camille Van Exterstraat",M
"Rue Henri Wafelaerts - Henri Wafelaertsstraat",M
"Rue Alfred Cluysenaar - Alfred Cluysenaarstraat",M
"Rue Vander Elst - Vander Elststraat",M
"Rue Locquenghien - Locquenghienstraat",M
"Madrillegang - Impasse Madrille",M
"Passerelle Fransman-Stevens - Voetgangersbrug Fransman-Stevens",M
"Rue André Bertulot - André Bertulotstraat",M
"Rue Van Gaver - Van Gaverstraat",M
"Rue Toots Thielemans - Toots Thielemansstraat",M
"Rue Auguste Heene - Auguste Heenestraat",M
"Froebelstraat - Rue Froebel",M
"Rue Léopold Lenders - Léopold Lendersstraat",M
"Impasse Ronsmans - Ronsmansgang",M
"Avenue Guillaume Van Nerom - Guillaume Van Neromlaan",M
"Square Georges Golinvaux - Georges Golinvauxsquare",M
"Square Louis Van Simaey - Louis Van Simaeysquare",M
"Chemin Pierre Vereman - Pierre Veremanweg",M
"Avenue Léopold Wiener - Léopold Wienerlaan",M
"Impasse Saint-Nicolas - Sint-Nikolaasgang",M
"Impasse Saint Sébastien - Sint-Sebastiaansgang",M
"Avenue Cardinal Micara - Kardinaal Micaralaan",M
"Rue Van Bemmel - Van Bemmelstraat",M
"Rue Dethy - Dethystraat",M
"Avenue Émile van Becelaere - Émile Van Becelaerelaan",M
"Place Eugène Keym - Eugène Keymplein",M
"Square Léopold II - Leopold II Plein",M
"Rue Max Roos - Max Roosstraat",M
"Avenue Ernest Renan - Ernest Renanlaan",M
"Rue Anneessens - Anneessensstraat",M
"Avenue Ulysse - Ulysselaan",M
"Rue Cervantès - Cervantesstraat",M
"Rue Rodenbach - Rodenbachstraat",M
"Rue Vanden Corput - Vanden Corputstraat",M
"Rue Timmermans - Timmermansstraat",M
"Rue de Moerkerke - de Moerkerkestraat",M
"Avenue Air Marshal Coningham - Air Marshal Coninghamlaan",M
"Rue Charlie Chaplin - Charlie Chaplinstraat",M
"Rue Guillaume Kennis - Guillaume Kennisstraat",M
"Cours Gordon Bennett - Gordon Bennettwarande",M
"Rue Gisbert Combaz - Gisbert Combazstraat",M
"Rue Jules Van Praet - Jules van Praetstraat",M
"Drève Recteur Van Waeyenbergh - Rector Van Waeyenberghdreef",M
"Rue de Witte de Haelen - De Witte de Haelenstraat",M
"Avenue Alexandre Bertrand - Alexandre Bertrandlaan",M
"Avenue Hugo Van der Goes - Hugo Van der Goeslaan",M
"Allée Nardo Lenaerts - Nardo Lenaertsdreef",M
"Allée Jef Dutillieu - Jef Dutillieudreef",M
"Allée André Willequet - André Willequetdreef",M
"Rue Georges Huygens - Georges Huygensstraat",M
"Avenue Jean Accent - Jean Accentlaan",M
"Square Joseph Hanse - Joseph Hansesquare",M
"Carré Stevens - Stevensblok",M
"Carré Pauwels - Pauwelsblok",M
"Rue Baron Roger Vander Noot - Baron Roger Vander Nootstraat",M
"Drève Joseph Vanderborght - Joseph Vanderborghtdreef",M
"Rue Fourmois - Fourmoisstraat",M
"Rue Léonard de Vinci - Leonardo da Vincistraat",M
"Avenue Jules de Trooz - Jules de Troozlaan",M
"Rue Beeckman - Beeckmanstraat",M
"Square Gérard Van Caulaert - Gérard Van Caulaertsquare",M
"Place André Duchêne - André Duchêneplein",M
"Rue Jean d'Osta - Jean d'Ostastraat",M
"Avenue Hoche - Hochelaan",M
"Avenue Jacques Dormont - Jacques Dormontlaan",M
"Avenue Albert Desenfans - Albert Desenfanslaan",M
"Rue François Van Assche - Frans Van Asschestraat",M
"Rue Pierre de Puysselaer - Pierre de Puysselaerstraat",M
"Rue Émile Claus - Émile Clausstraat",M
"Square Raymond Volckerick - Raymond Volckericksquare",M
"Place Joseph Wauters - Joseph Wautersplein",M
"Rue Eugène Verheggen - Eugène Verheggenstraat",M
"Rue Willy Van Der Meeren - Willy Van Der Meerenstraat",M
"Galerie Horta - Hortagalerij",M
"Passage Yves Montano - Yves Montanodoorgang",M
"Rond-Point René Cliquet - René Cliquetplein",M
"Rue Charles Pas - Charles Passtraat",M
"Rue Eugène Denis - Eugène Denisstraat",M
"Rue Félicien Delince - Félicien Delincestraat",M
"Rue Léon Savoir - Léon Savoirstraat",M
"Avenue Casalta - Casaltalaan",M
"Rue Léopold Van Asbroeck - Léopold Van Asbroeckstraat",M
"Avenue Edmond Galoppin - Edmond Galoppinlaan",M
"Place Léon Vanderkindere - Léon Vanderkindereplein",M
"Paul Gilsonlaan - Avenue Paul Gilson",M
"Clos Jean-Pierre De Launoit - Jean-Pierre De Launoitgaarde",M
"Place Rouppe - Rouppeplein",M
"Rue Louis Isidore Lamey - Louis Isidore Lameystraat",M
"Allée John Wiggin - John Wiggindreef",M
"Rue Vésale - Vesaliusstraat",M
"Rue Daniel Van Damme - Daniel Van Dammestraat",M
"Avenue Jean-François Leemans - Jean-François Leemanslaan",M
"Avenue Guillaume Poels - Guillaume Poelslaan",M
"Allée Christian de Duve - Christian de Duve Dreef",M
"Place Martin Luther King",M
"Place Simon Bolivar - Simon Bolivarplein",M
"Allée Jos Albert - Jos Albertdreef",M
"Allée Pierre Scoupreman - Pierre Scoupremandreef",M
"Allée Omer Dierickx - Omer Dierickxdreef",M
"Allée André Franquin - André Franquindreef",M
"Carré Peeters - Peetersblok",M
"Chemin Luigi Visconti - Luigi Viscontiweg",M
"Chemin Charles Vanel - Charles Vanelweg",M
"Chemin Eric von Stroheim - Eric von Stroheimweg",M
"Carré Cassimans - Cassimansblok",M
"Place Léopold Rosy - Léopold Rosyplein",M
"Allée Léandre Grandmoulin - Léandre Grandmoulindreef",M
"Allée Nicolas de Staël - Nicolas de Staëldreef",M
"Allée Jos Albert — Jos Albertdreef",M
"Allée José Dierickx - José Dierickxdreef",M
"Allée Gaston Bertrand - Gaston Bertranddreef",M
"Allée John Cluysenaar - John Cluysenaardreef",M
"Rond-point Louis Thévenet - Louis Thévenetrondpunt",M
"Allée Paul Craps - Paul Crapsdreef",M
"Place Paul Craps - Paul Crapsplein",M
"Allée Philibert Cockx - Philibert Cockxdreef",M
"Allée Léon Londot - Léon Londotdreef",M
"Allée Albert Dasnoy - Albert Dasnoydreef",M
"Allée Pierre Culliford dit Peyo - Pierre Culliford dit Peyodreef",M
"Allée Bob De Moor - Bob De Moordreef",M
"Allée Victor Hubinon - Victor Hubinondreef",M
"Place Olivier Strebelle - Olivier Strebelleplein",M
"Venelle Robert Brout - Robert Broutsteeg",M
"Avenue François Englert - François Englertlaan",M
"Place Charles Rogier - Karel Rogierplein",M
"Rue Willy De Bruyn - Willy De Bruynstraat",X
